date,us_10y,usd_krw,vix,inflation_exp,bok_rate
2020-01-01,,,,,1.25
2020-01-02,1.88,1157.95,12.47,1.8,1.25
2020-01-03,1.8,1165.15,14.02,1.77,1.25
2020-01-04,1.8,1165.15,14.02,1.77,1.25
2020-01-05,1.8,1165.15,14.02,1.77,1.25
2020-01-06,1.81,1167.49,13.85,1.75,1.25
2020-01-07,1.83,1166.21,13.79,1.74,1.25
2020-01-08,1.87,1170.61,13.45,1.75,1.25
2020-01-09,1.85,1158.63,12.54,1.74,1.25
2020-01-10,1.83,1161.18,12.56,1.76,1.25
2020-01-11,1.83,1161.18,12.56,1.76,1.25
2020-01-12,1.83,1161.18,12.56,1.76,1.25
2020-01-13,1.85,1156.25,12.32,1.77,1.25
2020-01-14,1.82,1156.28,12.39,1.77,1.25
2020-01-15,1.79,1156.84,12.42,1.75,1.25
2020-01-16,1.81,1160.86,12.32,1.74,1.25
2020-01-17,1.84,1159.08,12.1,1.75,1.25
2020-01-18,1.84,1159.08,12.1,1.75,1.25
2020-01-19,1.84,1159.08,12.1,1.75,1.25
2020-01-20,1.84,1159.08,12.1,1.75,1.25
2020-01-21,1.78,1166.56,12.85,1.74,1.25
2020-01-22,1.77,1165.68,12.91,1.72,1.25
2020-01-23,1.74,1168.38,12.98,1.7,1.25
2020-01-24,1.7,1166.91,14.56,1.68,1.25
2020-01-25,1.7,1166.91,14.56,1.68,1.25
2020-01-26,1.7,1166.91,14.56,1.68,1.25
2020-01-27,1.61,1176.2,18.23,1.63,1.25
2020-01-28,1.65,1176.23,16.28,1.65,1.25
2020-01-29,1.6,1176.98,16.39,1.64,1.25
2020-01-30,1.57,1191.94,15.49,1.64,1.25
2020-01-31,1.51,1191.3,18.84,1.65,1.25
2020-02-01,1.51,1191.3,18.84,1.65,1.25
2020-02-02,1.51,1191.3,18.84,1.65,1.25
2020-02-03,1.54,1194.8,17.97,1.63,1.25
2020-02-04,1.61,1184.51,16.05,1.64,1.25
2020-02-05,1.66,1187.25,15.15,1.66,1.25
2020-02-06,1.65,1179.64,14.96,1.67,1.25
2020-02-07,1.59,1186.24,15.47,1.66,1.25
2020-02-08,1.59,1186.24,15.47,1.66,1.25
2020-02-09,1.59,1186.24,15.47,1.66,1.25
2020-02-10,1.56,1186.96,15.04,1.66,1.25
2020-02-11,1.59,1181.32,15.18,1.65,1.25
2020-02-12,1.62,1178.98,13.74,1.66,1.25
2020-02-13,1.61,1182.02,14.15,1.67,1.25
2020-02-14,1.59,1183.2,13.68,1.66,1.25
2020-02-15,1.59,1183.2,13.68,1.66,1.25
2020-02-16,1.59,1183.2,13.68,1.66,1.25
2020-02-17,1.59,1183.2,13.68,1.66,1.25
2020-02-18,1.55,1190.6,14.83,1.65,1.25
2020-02-19,1.56,1191.1,14.38,1.65,1.25
2020-02-20,1.52,1198.34,15.56,1.63,1.25
2020-02-21,1.46,1207.91,17.08,1.61,1.25
2020-02-22,1.46,1207.91,17.08,1.61,1.25
2020-02-23,1.46,1207.91,17.08,1.61,1.25
2020-02-24,1.38,1218.5,25.03,1.59,1.25
2020-02-25,1.33,1214.45,27.85,1.53,1.25
2020-02-26,1.33,1213.61,27.56,1.54,1.25
2020-02-27,1.3,1217.03,39.16,1.53,1.25
2020-02-28,1.13,1214.92,40.11,1.41,1.25
2020-02-29,1.13,1214.92,40.11,1.41,1.25
2020-03-01,1.13,1214.92,40.11,1.41,0.75
2020-03-02,1.1,1190.89,33.42,1.41,0.75
2020-03-03,1.02,1194.66,36.82,1.45,0.75
2020-03-04,1.02,1187.54,31.99,1.46,0.75
2020-03-05,0.92,1181.11,39.62,1.4,0.75
2020-03-06,0.74,1192.0,41.94,1.31,0.75
2020-03-07,0.74,1192.0,41.94,1.31,0.75
2020-03-08,0.74,1192.0,41.94,1.31,0.75
2020-03-09,0.54,1203.75,54.46,0.99,0.75
2020-03-10,0.76,1193.1,47.3,1.0,0.75
2020-03-11,0.82,1194.16,53.9,0.96,0.75
2020-03-12,0.88,1206.19,75.47,0.92,0.75
2020-03-13,0.94,1211.7,57.83,0.9,0.75
2020-03-14,0.94,1211.7,57.83,0.9,0.75
2020-03-15,0.94,1211.7,57.83,0.9,0.75
2020-03-16,0.73,1225.33,82.69,0.73,0.75
2020-03-17,1.02,1240.98,75.91,0.63,0.75
2020-03-18,1.18,1245.19,76.45,0.63,0.75
2020-03-19,1.12,1250.86,72.0,0.5,0.75
2020-03-20,0.92,1250.55,66.04,0.75,0.75
2020-03-21,0.92,1250.55,66.04,0.75,0.75
2020-03-22,0.92,1250.55,66.04,0.75,0.75
2020-03-23,0.76,1267.25,61.59,0.8,0.75
2020-03-24,0.84,1249.88,61.67,0.97,0.75
2020-03-25,0.88,1228.15,63.95,1.07,0.75
2020-03-26,0.83,1233.47,61.0,1.07,0.75
2020-03-27,0.72,1210.49,65.54,0.94,0.75
2020-03-28,0.72,1210.49,65.54,0.94,0.75
2020-03-29,0.72,1210.49,65.54,0.94,0.75
2020-03-30,0.7,1224.11,57.08,0.95,0.75
2020-03-31,0.7,1218.92,53.54,0.87,0.75
2020-04-01,0.62,1229.65,57.06,0.91,0.75
2020-04-02,0.63,1229.89,50.91,1.03,0.75
2020-04-03,0.62,1230.56,46.8,1.08,0.75
2020-04-04,0.62,1230.56,46.8,1.08,0.75
2020-04-05,0.62,1230.56,46.8,1.08,0.75
2020-04-06,0.67,1224.6,45.24,1.14,0.75
2020-04-07,0.75,1220.43,46.7,1.17,0.75
2020-04-08,0.77,1220.77,43.35,1.19,0.75
2020-04-09,0.73,1219.71,41.67,1.23,0.75
2020-04-10,0.73,1211.71,41.67,1.23,0.75
2020-04-11,0.73,1211.71,41.67,1.23,0.75
2020-04-12,0.73,1211.71,41.67,1.23,0.75
2020-04-13,0.76,1217.72,41.17,1.26,0.75
2020-04-14,0.76,1216.85,37.76,1.29,0.75
2020-04-15,0.63,1224.55,40.84,1.19,0.75
2020-04-16,0.61,1228.21,40.11,1.03,0.75
2020-04-17,0.65,1217.81,38.15,1.01,0.75
2020-04-18,0.65,1217.81,38.15,1.01,0.75
2020-04-19,0.65,1217.81,38.15,1.01,0.75
2020-04-20,0.63,1217.29,43.83,0.94,0.75
2020-04-21,0.58,1229.28,45.41,0.96,0.75
2020-04-22,0.63,1234.79,41.98,1.06,0.75
2020-04-23,0.61,1229.04,41.38,1.05,0.75
2020-04-24,0.6,1233.88,35.93,1.11,0.75
2020-04-25,0.6,1233.88,35.93,1.11,0.75
2020-04-26,0.6,1233.88,35.93,1.11,0.75
2020-04-27,0.67,1224.16,33.29,1.17,0.75
2020-04-28,0.62,1224.83,33.57,1.14,0.75
2020-04-29,0.63,1219.2,31.23,1.14,0.75
2020-04-30,0.64,1203.95,34.15,1.07,0.75
2020-05-01,0.64,1223.2,37.19,1.06,0.5
2020-05-02,0.64,1223.2,37.19,1.06,0.5
2020-05-03,0.64,1223.2,37.19,1.06,0.5
2020-05-04,0.64,1228.81,35.97,1.07,0.5
2020-05-05,0.66,1220.13,33.61,1.1,0.5
2020-05-06,0.72,1222.03,34.12,1.1,0.5
2020-05-07,0.63,1224.76,31.44,1.08,0.5
2020-05-08,0.69,1216.47,27.98,1.12,0.5
2020-05-09,0.69,1216.47,27.98,1.12,0.5
2020-05-10,0.69,1216.47,27.98,1.12,0.5
2020-05-11,0.73,1220.2,27.57,1.13,0.5
2020-05-12,0.69,1222.0,33.04,1.09,0.5
2020-05-13,0.64,1223.86,35.28,1.07,0.5
2020-05-14,0.63,1227.76,32.61,1.06,0.5
2020-05-15,0.64,1230.71,31.89,1.09,0.5
2020-05-16,0.64,1230.71,31.89,1.09,0.5
2020-05-17,0.64,1230.71,31.89,1.09,0.5
2020-05-18,0.73,1232.32,29.3,1.17,0.5
2020-05-19,0.7,1225.19,30.53,1.15,0.5
2020-05-20,0.68,1230.02,27.99,1.16,0.5
2020-05-21,0.68,1230.53,29.53,1.14,0.5
2020-05-22,0.66,1236.53,28.16,1.12,0.5
2020-05-23,0.66,1236.53,28.16,1.12,0.5
2020-05-24,0.66,1236.53,28.16,1.12,0.5
2020-05-25,0.66,1236.53,28.16,1.12,0.5
2020-05-26,0.69,1234.24,28.01,1.13,0.5
2020-05-27,0.68,1238.03,27.62,1.14,0.5
2020-05-28,0.7,1239.28,28.59,1.18,0.5
2020-05-29,0.65,1236.61,27.51,1.15,0.5
2020-05-30,0.65,1236.61,27.51,1.15,0.5
2020-05-31,0.65,1236.61,27.51,1.15,0.5
2020-06-01,0.66,1224.79,28.23,1.18,0.5
2020-06-02,0.68,1225.07,26.84,1.18,0.5
2020-06-03,0.77,1216.08,25.66,1.21,0.5
2020-06-04,0.82,1218.77,25.81,1.22,0.5
2020-06-05,0.91,1202.79,24.52,1.27,0.5
2020-06-06,0.91,1202.79,24.52,1.27,0.5
2020-06-07,0.91,1202.79,24.52,1.27,0.5
2020-06-08,0.88,1197.84,25.81,1.28,0.5
2020-06-09,0.84,1197.04,27.57,1.26,0.5
2020-06-10,0.75,1189.9,27.57,1.27,0.5
2020-06-11,0.66,1196.34,40.79,1.21,0.5
2020-06-12,0.71,1204.52,36.09,1.21,0.5
2020-06-13,0.71,1204.52,36.09,1.21,0.5
2020-06-14,0.71,1204.52,36.09,1.21,0.5
2020-06-15,0.71,1212.21,34.4,1.23,0.5
2020-06-16,0.75,1207.26,33.67,1.27,0.5
2020-06-17,0.74,1215.02,33.47,1.26,0.5
2020-06-18,0.71,1211.65,32.94,1.28,0.5
2020-06-19,0.7,1208.38,35.12,1.3,0.5
2020-06-20,0.7,1208.38,35.12,1.3,0.5
2020-06-21,0.7,1208.38,35.12,1.3,0.5
2020-06-22,0.71,1210.73,31.77,1.34,0.5
2020-06-23,0.72,1206.43,31.37,1.38,0.5
2020-06-24,0.69,1199.55,33.84,1.33,0.5
2020-06-25,0.68,1203.59,32.22,1.33,0.5
2020-06-26,0.64,1203.44,34.73,1.32,0.5
2020-06-27,0.64,1203.44,34.73,1.32,0.5
2020-06-28,0.64,1203.44,34.73,1.32,0.5
2020-06-29,0.64,1200.91,31.78,1.34,0.5
2020-06-30,0.66,1200.5,30.43,1.34,0.5
2020-07-01,0.69,1201.84,28.62,1.37,0.5
2020-07-02,0.68,1199.84,27.68,1.41,0.5
2020-07-03,0.68,1199.84,27.68,1.41,0.5
2020-07-04,0.68,1199.84,27.68,1.41,0.5
2020-07-05,0.68,1199.84,27.68,1.41,0.5
2020-07-06,0.69,1192.66,27.94,1.45,0.5
2020-07-07,0.65,1194.43,29.43,1.43,0.5
2020-07-08,0.67,1194.63,28.08,1.42,0.5
2020-07-09,0.62,1197.84,29.26,1.39,0.5
2020-07-10,0.65,1204.34,27.29,1.41,0.5
2020-07-11,0.65,1204.34,27.29,1.41,0.5
2020-07-12,0.65,1204.34,27.29,1.41,0.5
2020-07-13,0.64,1200.13,32.19,1.42,0.5
2020-07-14,0.63,1205.24,29.52,1.41,0.5
2020-07-15,0.64,1201.97,27.76,1.41,0.5
2020-07-16,0.62,1202.97,28.0,1.41,0.5
2020-07-17,0.64,1203.86,25.68,1.46,0.5
2020-07-18,0.64,1203.86,25.68,1.46,0.5
2020-07-19,0.64,1203.86,25.68,1.46,0.5
2020-07-20,0.62,1202.26,24.46,1.46,0.5
2020-07-21,0.61,1194.64,24.84,1.48,0.5
2020-07-22,0.6,1194.83,24.32,1.48,0.5
2020-07-23,0.59,1198.91,26.08,1.49,0.5
2020-07-24,0.59,1203.17,25.84,1.51,0.5
2020-07-25,0.59,1203.17,25.84,1.51,0.5
2020-07-26,0.59,1203.17,25.84,1.51,0.5
2020-07-27,0.62,1195.94,24.74,1.52,0.5
2020-07-28,0.59,1198.15,25.44,1.51,0.5
2020-07-29,0.58,1192.98,24.1,1.53,0.5
2020-07-30,0.55,1196.3,24.76,1.52,0.5
2020-07-31,0.55,1192.68,24.46,1.55,0.5
2020-08-01,0.55,1192.68,24.46,1.55,0.5
2020-08-02,0.55,1192.68,24.46,1.55,0.5
2020-08-03,0.56,1194.31,24.28,1.58,0.5
2020-08-04,0.52,1194.53,23.76,1.57,0.5
2020-08-05,0.55,1188.93,22.99,1.61,0.5
2020-08-06,0.55,1185.29,22.65,1.63,0.5
2020-08-07,0.57,1189.25,22.21,1.61,0.5
2020-08-08,0.57,1189.25,22.21,1.61,0.5
2020-08-09,0.57,1189.25,22.21,1.61,0.5
2020-08-10,0.59,1186.28,22.13,1.61,0.5
2020-08-11,0.64,1184.84,24.03,1.63,0.5
2020-08-12,0.69,1184.09,22.28,1.67,0.5
2020-08-13,0.71,1183.25,22.13,1.67,0.5
2020-08-14,0.71,1186.53,22.05,1.65,0.5
2020-08-15,0.71,1186.53,22.05,1.65,0.5
2020-08-16,0.71,1186.53,22.05,1.65,0.5
2020-08-17,0.69,1184.17,21.35,1.66,0.5
2020-08-18,0.67,1184.74,21.51,1.68,0.5
2020-08-19,0.68,1181.06,22.54,1.67,0.5
2020-08-20,0.65,1187.66,22.72,1.62,0.5
2020-08-21,0.64,1191.84,22.54,1.64,0.5
2020-08-22,0.64,1191.84,22.54,1.64,0.5
2020-08-23,0.64,1191.84,22.54,1.64,0.5
2020-08-24,0.65,1189.11,22.37,1.67,0.5
2020-08-25,0.69,1188.18,22.03,1.7,0.5
2020-08-26,0.69,1185.6,23.27,1.72,0.5
2020-08-27,0.74,1185.22,24.47,1.73,0.5
2020-08-28,0.74,1181.62,22.96,1.77,0.5
2020-08-29,0.74,1181.62,22.96,1.77,0.5
2020-08-30,0.74,1181.62,22.96,1.77,0.5
2020-08-31,0.72,1187.48,26.41,1.8,0.5
2020-09-01,0.68,1182.94,26.12,1.76,0.5
2020-09-02,0.66,1189.98,26.57,1.73,0.5
2020-09-03,0.63,1188.04,33.6,1.65,0.5
2020-09-04,0.72,1190.6,30.75,1.7,0.5
2020-09-05,0.72,1190.6,30.75,1.7,0.5
2020-09-06,0.72,1190.6,30.75,1.7,0.5
2020-09-07,0.72,1190.6,30.75,1.7,0.5
2020-09-08,0.69,1188.69,31.46,1.68,0.5
2020-09-09,0.71,1185.12,28.81,1.71,0.5
2020-09-10,0.68,1184.41,29.71,1.69,0.5
2020-09-11,0.67,1186.55,26.87,1.65,0.5
2020-09-12,0.67,1186.55,26.87,1.65,0.5
2020-09-13,0.67,1186.55,26.87,1.65,0.5
2020-09-14,0.68,1181.27,25.85,1.65,0.5
2020-09-15,0.68,1179.99,25.59,1.67,0.5
2020-09-16,0.69,1176.0,26.04,1.68,0.5
2020-09-17,0.69,1174.25,26.46,1.66,0.5
2020-09-18,0.7,1163.2,25.83,1.67,0.5
2020-09-19,0.7,1163.2,25.83,1.67,0.5
2020-09-20,0.7,1163.2,25.83,1.67,0.5
2020-09-21,0.68,1166.75,27.78,1.62,0.5
2020-09-22,0.68,1164.83,26.86,1.62,0.5
2020-09-23,0.68,1164.56,28.58,1.6,0.5
2020-09-24,0.67,1170.49,28.51,1.58,0.5
2020-09-25,0.66,1172.71,26.38,1.58,0.5
2020-09-26,0.66,1172.71,26.38,1.58,0.5
2020-09-27,0.66,1172.71,26.38,1.58,0.5
2020-09-28,0.67,1168.08,26.19,1.61,0.5
2020-09-29,0.66,1169.67,26.27,1.64,0.5
2020-09-30,0.69,1165.97,26.37,1.63,0.5
2020-10-01,0.68,1163.05,26.7,1.63,0.5
2020-10-02,0.7,1166.08,27.63,1.64,0.5
2020-10-03,0.7,1166.08,27.63,1.64,0.5
2020-10-04,0.7,1166.08,27.63,1.64,0.5
2020-10-05,0.78,1157.77,27.96,1.68,0.5
2020-10-06,0.76,1162.0,29.48,1.66,0.5
2020-10-07,0.81,1158.41,28.06,1.71,0.5
2020-10-08,0.78,1152.44,26.36,1.72,0.5
2020-10-09,0.79,1143.46,25.0,1.73,0.5
2020-10-10,0.79,1143.46,25.0,1.73,0.5
2020-10-11,0.79,1143.46,25.0,1.73,0.5
2020-10-12,0.79,1143.46,25.07,1.73,0.5
2020-10-13,0.74,1147.4,26.07,1.7,0.5
2020-10-14,0.73,1146.58,26.4,1.69,0.5
2020-10-15,0.74,1143.03,26.97,1.69,0.5
2020-10-16,0.76,1146.82,27.41,1.71,0.5
2020-10-17,0.76,1146.82,27.41,1.71,0.5
2020-10-18,0.76,1146.82,27.41,1.71,0.5
2020-10-19,0.78,1141.76,29.18,1.71,0.5
2020-10-20,0.81,1138.65,29.35,1.72,0.5
2020-10-21,0.83,1132.11,28.65,1.74,0.5
2020-10-22,0.87,1135.26,28.11,1.76,0.5
2020-10-23,0.85,1129.77,27.55,1.75,0.5
2020-10-24,0.85,1129.77,27.55,1.75,0.5
2020-10-25,0.85,1129.77,27.55,1.75,0.5
2020-10-26,0.81,1127.77,32.46,1.72,0.5
2020-10-27,0.79,1127.9,33.35,1.71,0.5
2020-10-28,0.79,1133.76,40.28,1.7,0.5
2020-10-29,0.85,1131.12,37.59,1.71,0.5
2020-10-30,0.88,1133.99,38.02,1.7,0.5
2020-10-31,0.88,1133.99,38.02,1.7,0.5
2020-11-01,0.88,1133.99,38.02,1.7,0.5
2020-11-02,0.87,1134.62,37.13,1.71,0.5
2020-11-03,0.9,1134.3,35.55,1.72,0.5
2020-11-04,0.78,1137.37,29.57,1.64,0.5
2020-11-05,0.79,1122.96,27.58,1.66,0.5
2020-11-06,0.83,1121.0,24.86,1.65,0.5
2020-11-07,0.83,1121.0,24.86,1.65,0.5
2020-11-08,0.83,1121.0,24.86,1.65,0.5
2020-11-09,0.96,1113.14,25.75,1.73,0.5
2020-11-10,0.98,1117.63,24.8,1.76,0.5
2020-11-11,0.98,1117.63,23.45,1.76,0.5
2020-11-12,0.88,1112.95,25.35,1.71,0.5
2020-11-13,0.89,1109.47,23.1,1.72,0.5
2020-11-14,0.89,1109.47,23.1,1.72,0.5
2020-11-15,0.89,1109.47,23.1,1.72,0.5
2020-11-16,0.91,1106.88,22.45,1.72,0.5
2020-11-17,0.87,1105.33,22.71,1.7,0.5
2020-11-18,0.88,1105.72,23.84,1.7,0.5
2020-11-19,0.86,1114.93,23.11,1.7,0.5
2020-11-20,0.83,1114.48,23.7,1.69,0.5
2020-11-21,0.83,1114.48,23.7,1.69,0.5
2020-11-22,0.83,1114.48,23.7,1.69,0.5
2020-11-23,0.86,1115.42,22.66,1.71,0.5
2020-11-24,0.88,1110.93,21.64,1.74,0.5
2020-11-25,0.88,1106.84,21.25,1.75,0.5
2020-11-26,0.88,1106.84,21.25,1.75,0.5
2020-11-27,0.84,1106.84,20.84,1.75,0.5
2020-11-28,0.84,1106.84,20.84,1.75,0.5
2020-11-29,0.84,1106.84,20.84,1.75,0.5
2020-11-30,0.84,1105.79,20.57,1.77,0.5
2020-12-01,0.92,1107.33,20.77,1.81,0.5
2020-12-02,0.95,1100.15,21.17,1.85,0.5
2020-12-03,0.92,1096.28,21.28,1.86,0.5
2020-12-04,0.97,1081.85,20.79,1.89,0.5
2020-12-05,0.97,1081.85,20.79,1.89,0.5
2020-12-06,0.97,1081.85,20.79,1.89,0.5
2020-12-07,0.94,1082.22,21.3,1.88,0.5
2020-12-08,0.92,1085.4,20.68,1.89,0.5
2020-12-09,0.95,1083.78,22.27,1.91,0.5
2020-12-10,0.92,1086.83,22.52,1.88,0.5
2020-12-11,0.9,1091.23,23.31,1.87,0.5
2020-12-12,0.9,1091.23,23.31,1.87,0.5
2020-12-13,0.9,1091.23,23.31,1.87,0.5
2020-12-14,0.9,1093.19,24.72,1.88,0.5
2020-12-15,0.92,1092.22,22.89,1.91,0.5
2020-12-16,0.92,1093.71,22.5,1.92,0.5
2020-12-17,0.94,1092.96,21.93,1.94,0.5
2020-12-18,0.95,1099.37,21.57,1.95,0.5
2020-12-19,0.95,1099.37,21.57,1.95,0.5
2020-12-20,0.95,1099.37,21.57,1.95,0.5
2020-12-21,0.95,1107.03,25.16,1.95,0.5
2020-12-22,0.93,1107.12,24.23,1.94,0.5
2020-12-23,0.96,1106.92,23.31,1.97,0.5
2020-12-24,0.94,1106.92,21.53,1.97,0.5
2020-12-25,0.94,1106.92,21.53,1.97,0.5
2020-12-26,0.94,1106.92,21.53,1.97,0.5
2020-12-27,0.94,1106.92,21.53,1.97,0.5
2020-12-28,0.94,1096.67,21.7,1.97,0.5
2020-12-29,0.94,1092.55,23.08,1.96,0.5
2020-12-30,0.93,1086.62,22.77,1.96,0.5
2020-12-31,0.93,1086.11,22.75,1.99,0.5
2021-01-01,0.93,1086.11,22.75,1.99,0.5
2021-01-02,0.93,1086.11,22.75,1.99,0.5
2021-01-03,0.93,1086.11,22.75,1.99,0.5
2021-01-04,0.93,1081.62,26.97,2.01,0.5
2021-01-05,0.96,1087.42,25.34,2.03,0.5
2021-01-06,1.04,1085.71,25.07,2.06,0.5
2021-01-07,1.08,1086.78,22.37,2.09,0.5
2021-01-08,1.13,1089.48,21.56,2.06,0.5
2021-01-09,1.13,1089.48,21.56,2.06,0.5
2021-01-10,1.13,1089.48,21.56,2.06,0.5
2021-01-11,1.15,1097.39,24.08,2.06,0.5
2021-01-12,1.15,1099.57,23.33,2.08,0.5
2021-01-13,1.1,1098.31,22.21,2.06,0.5
2021-01-14,1.15,1098.37,23.25,2.09,0.5
2021-01-15,1.11,1099.39,24.34,2.1,0.5
2021-01-16,1.11,1099.39,24.34,2.1,0.5
2021-01-17,1.11,1099.39,24.34,2.1,0.5
2021-01-18,1.11,1099.39,24.34,2.1,0.5
2021-01-19,1.1,1102.14,23.24,2.1,0.5
2021-01-20,1.1,1102.14,21.58,2.12,0.5
2021-01-21,1.12,1097.91,21.32,2.1,0.5
2021-01-22,1.1,1105.5,21.91,2.09,0.5
2021-01-23,1.1,1105.5,21.91,2.09,0.5
2021-01-24,1.1,1105.5,21.91,2.09,0.5
2021-01-25,1.05,1101.02,23.19,2.08,0.5
2021-01-26,1.05,1103.26,23.02,2.08,0.5
2021-01-27,1.04,1104.09,37.21,2.08,0.5
2021-01-28,1.07,1111.95,30.21,2.13,0.5
2021-01-29,1.11,1118.35,33.09,2.13,0.5
2021-01-30,1.11,1118.35,33.09,2.13,0.5
2021-01-31,1.11,1118.35,33.09,2.13,0.5
2021-02-01,1.09,1116.48,30.24,2.11,0.5
2021-02-02,1.12,1115.88,25.56,2.15,0.5
2021-02-03,1.15,1114.47,22.91,2.19,0.5
2021-02-04,1.15,1120.02,21.77,2.17,0.5
2021-02-05,1.19,1123.7,20.87,2.21,0.5
2021-02-06,1.19,1123.7,20.87,2.21,0.5
2021-02-07,1.19,1123.7,20.87,2.21,0.5
2021-02-08,1.19,1119.22,21.24,2.22,0.5
2021-02-09,1.18,1116.42,21.63,2.22,0.5
2021-02-10,1.15,1106.9,21.99,2.21,0.5
2021-02-11,1.16,1102.7,21.25,2.2,0.5
2021-02-12,1.2,1102.16,19.97,2.21,0.5
2021-02-13,1.2,1102.16,19.97,2.21,0.5
2021-02-14,1.2,1102.16,19.97,2.21,0.5
2021-02-15,1.2,1102.16,19.97,2.21,0.5
2021-02-16,1.3,1099.61,21.46,2.24,0.5
2021-02-17,1.29,1107.44,21.5,2.21,0.5
2021-02-18,1.29,1108.56,22.49,2.16,0.5
2021-02-19,1.34,1105.81,22.05,2.14,0.5
2021-02-20,1.34,1105.81,22.05,2.14,0.5
2021-02-21,1.34,1105.81,22.05,2.14,0.5
2021-02-22,1.37,1111.56,23.45,2.16,0.5
2021-02-23,1.37,1110.25,23.11,2.16,0.5
2021-02-24,1.38,1112.19,21.34,2.17,0.5
2021-02-25,1.54,1107.73,28.89,2.14,0.5
2021-02-26,1.44,1123.36,27.95,2.15,0.5
2021-02-27,1.44,1123.36,27.95,2.15,0.5
2021-02-28,1.44,1123.36,27.95,2.15,0.5
2021-03-01,1.45,1118.59,23.35,2.16,0.5
2021-03-02,1.42,1125.61,24.1,2.2,0.5
2021-03-03,1.47,1123.96,26.67,2.21,0.5
2021-03-04,1.54,1124.45,28.57,2.2,0.5
2021-03-05,1.56,1124.85,24.66,2.22,0.5
2021-03-06,1.56,1124.85,24.66,2.22,0.5
2021-03-07,1.56,1124.85,24.66,2.22,0.5
2021-03-08,1.59,1132.64,25.47,2.21,0.5
2021-03-09,1.55,1140.63,24.03,2.21,0.5
2021-03-10,1.53,1139.85,22.56,2.26,0.5
2021-03-11,1.54,1135.19,21.91,2.28,0.5
2021-03-12,1.64,1133.09,20.69,2.26,0.5
2021-03-13,1.64,1133.09,20.69,2.26,0.5
2021-03-14,1.64,1133.09,20.69,2.26,0.5
2021-03-15,1.62,1136.37,20.03,2.27,0.5
2021-03-16,1.62,1129.69,19.79,2.3,0.5
2021-03-17,1.63,1130.24,19.23,2.3,0.5
2021-03-18,1.71,1123.51,21.58,2.27,0.5
2021-03-19,1.74,1130.38,20.95,2.31,0.5
2021-03-20,1.74,1130.38,20.95,2.31,0.5
2021-03-21,1.74,1130.38,20.95,2.31,0.5
2021-03-22,1.69,1128.19,18.88,2.33,0.5
2021-03-23,1.63,1128.96,20.3,2.29,0.5
2021-03-24,1.62,1133.35,21.2,2.31,0.5
2021-03-25,1.63,1133.31,19.81,2.32,0.5
2021-03-26,1.67,1129.26,18.86,2.34,0.5
2021-03-27,1.67,1129.26,18.86,2.34,0.5
2021-03-28,1.67,1129.26,18.86,2.34,0.5
2021-03-29,1.73,1133.57,20.74,2.36,0.5
2021-03-30,1.73,1133.44,19.61,2.35,0.5
2021-03-31,1.74,1126.72,19.4,2.37,0.5
2021-04-01,1.69,1131.63,17.33,2.35,0.5
2021-04-02,1.72,1127.3,17.33,2.36,0.5
2021-04-03,1.72,1127.3,17.33,2.36,0.5
2021-04-04,1.72,1127.3,17.33,2.36,0.5
2021-04-05,1.73,1127.34,17.91,2.35,0.5
2021-04-06,1.67,1117.12,18.12,2.32,0.5
2021-04-07,1.68,1116.21,17.16,2.34,0.5
2021-04-08,1.64,1116.96,16.95,2.33,0.5
2021-04-09,1.67,1120.84,16.69,2.31,0.5
2021-04-10,1.67,1120.84,16.69,2.31,0.5
2021-04-11,1.67,1120.84,16.69,2.31,0.5
2021-04-12,1.69,1124.6,16.91,2.33,0.5
2021-04-13,1.64,1125.63,16.65,2.33,0.5
2021-04-14,1.64,1116.43,16.99,2.33,0.5
2021-04-15,1.56,1115.04,16.57,2.33,0.5
2021-04-16,1.59,1114.93,16.25,2.36,0.5
2021-04-17,1.59,1114.93,16.25,2.36,0.5
2021-04-18,1.59,1114.93,16.25,2.36,0.5
2021-04-19,1.61,1115.03,17.29,2.34,0.5
2021-04-20,1.58,1116.68,18.68,2.32,0.5
2021-04-21,1.57,1117.8,17.5,2.33,0.5
2021-04-22,1.57,1117.3,18.71,2.33,0.5
2021-04-23,1.58,1115.1,17.33,2.34,0.5
2021-04-24,1.58,1115.1,17.33,2.34,0.5
2021-04-25,1.58,1115.1,17.33,2.34,0.5
2021-04-26,1.58,1110.88,17.64,2.36,0.5
2021-04-27,1.63,1109.6,17.56,2.39,0.5
2021-04-28,1.63,1112.28,17.28,2.41,0.5
2021-04-29,1.65,1108.54,17.61,2.42,0.5
2021-04-30,1.65,1115.58,18.61,2.41,0.5
2021-05-01,1.65,1115.58,18.61,2.41,0.5
2021-05-02,1.65,1115.58,18.61,2.41,0.5
2021-05-03,1.63,1122.88,18.31,2.42,0.5
2021-05-04,1.61,1122.05,19.48,2.42,0.5
2021-05-05,1.59,1125.82,19.15,2.47,0.5
2021-05-06,1.58,1121.94,18.39,2.45,0.5
2021-05-07,1.6,1121.06,16.69,2.49,0.5
2021-05-08,1.6,1121.06,16.69,2.49,0.5
2021-05-09,1.6,1121.06,16.69,2.49,0.5
2021-05-10,1.63,1112.28,19.66,2.54,0.5
2021-05-11,1.64,1119.38,21.84,2.53,0.5
2021-05-12,1.69,1124.33,27.59,2.54,0.5
2021-05-13,1.66,1130.35,23.13,2.51,0.5
2021-05-14,1.63,1126.76,18.81,2.51,0.5
2021-05-15,1.63,1126.76,18.81,2.51,0.5
2021-05-16,1.63,1126.76,18.81,2.51,0.5
2021-05-17,1.64,1136.03,19.72,2.54,0.5
2021-05-18,1.64,1129.67,21.34,2.52,0.5
2021-05-19,1.68,1128.18,22.18,2.48,0.5
2021-05-20,1.63,1127.74,20.67,2.41,0.5
2021-05-21,1.63,1126.59,20.15,2.43,0.5
2021-05-22,1.63,1126.59,20.15,2.43,0.5
2021-05-23,1.63,1126.59,20.15,2.43,0.5
2021-05-24,1.61,1125.28,18.4,2.44,0.5
2021-05-25,1.56,1123.21,18.84,2.42,0.5
2021-05-26,1.58,1117.63,17.36,2.4,0.5
2021-05-27,1.61,1117.47,16.74,2.42,0.5
2021-05-28,1.58,1114.48,16.76,2.42,0.5
2021-05-29,1.58,1114.48,16.76,2.42,0.5
2021-05-30,1.58,1114.48,16.76,2.42,0.5
2021-05-31,1.58,1114.48,16.76,2.42,0.5
2021-06-01,1.62,1106.43,17.9,2.46,0.5
2021-06-02,1.59,1110.37,17.48,2.44,0.5
2021-06-03,1.63,1117.63,18.04,2.42,0.5
2021-06-04,1.56,1112.03,16.42,2.4,0.5
2021-06-05,1.56,1112.03,16.42,2.4,0.5
2021-06-06,1.56,1112.03,16.42,2.4,0.5
2021-06-07,1.57,1111.01,16.42,2.39,0.5
2021-06-08,1.53,1116.43,17.07,2.36,0.5
2021-06-09,1.5,1116.58,17.89,2.32,0.5
2021-06-10,1.45,1114.17,16.1,2.35,0.5
2021-06-11,1.47,1116.57,15.65,2.32,0.5
2021-06-12,1.47,1116.57,15.65,2.32,0.5
2021-06-13,1.47,1116.57,15.65,2.32,0.5
2021-06-14,1.51,1117.57,16.39,2.36,0.5
2021-06-15,1.51,1118.33,17.02,2.38,0.5
2021-06-16,1.57,1118.42,18.15,2.32,0.5
2021-06-17,1.52,1130.14,17.75,2.27,0.5
2021-06-18,1.45,1135.28,20.7,2.24,0.5
2021-06-19,1.45,1135.28,20.7,2.24,0.5
2021-06-20,1.45,1135.28,20.7,2.24,0.5
2021-06-21,1.5,1134.19,17.89,2.25,0.5
2021-06-22,1.48,1137.07,16.66,2.31,0.5
2021-06-23,1.5,1133.89,16.32,2.34,0.5
2021-06-24,1.49,1131.5,15.97,2.3,0.5
2021-06-25,1.54,1127.36,15.62,2.34,0.5
2021-06-26,1.54,1127.36,15.62,2.34,0.5
2021-06-27,1.54,1127.36,15.62,2.34,0.5
2021-06-28,1.49,1130.29,15.76,2.33,0.5
2021-06-29,1.49,1131.68,16.02,2.32,0.5
2021-06-30,1.45,1130.42,15.83,2.32,0.5
2021-07-01,1.48,1134.37,15.48,2.35,0.5
2021-07-02,1.44,1132.42,15.07,2.33,0.5
2021-07-03,1.44,1132.42,15.07,2.33,0.5
2021-07-04,1.44,1132.42,15.07,2.33,0.5
2021-07-05,1.44,1132.42,15.07,2.33,0.5
2021-07-06,1.37,1137.17,16.44,2.31,0.5
2021-07-07,1.33,1141.26,16.2,2.28,0.5
2021-07-08,1.3,1147.96,19.0,2.22,0.5
2021-07-09,1.37,1145.08,16.18,2.28,0.5
2021-07-10,1.37,1145.08,16.18,2.28,0.5
2021-07-11,1.37,1145.08,16.18,2.28,0.5
2021-07-12,1.38,1146.29,16.17,2.33,0.5
2021-07-13,1.42,1146.29,17.12,2.36,0.5
2021-07-14,1.37,1147.43,16.33,2.34,0.5
2021-07-15,1.31,1141.21,17.01,2.32,0.5
2021-07-16,1.31,1139.35,18.45,2.33,0.5
2021-07-17,1.31,1139.35,18.45,2.33,0.5
2021-07-18,1.31,1139.35,18.45,2.33,0.5
2021-07-19,1.19,1147.17,22.5,2.24,0.5
2021-07-20,1.23,1150.45,19.73,2.26,0.5
2021-07-21,1.3,1153.03,17.91,2.28,0.5
2021-07-22,1.27,1149.99,17.69,2.28,0.5
2021-07-23,1.3,1153.53,17.2,2.35,0.5
2021-07-24,1.3,1153.53,17.2,2.35,0.5
2021-07-25,1.3,1153.53,17.2,2.35,0.5
2021-07-26,1.29,1154.75,17.58,2.4,0.5
2021-07-27,1.25,1156.32,19.36,2.38,0.5
2021-07-28,1.26,1156.27,18.31,2.41,0.5
2021-07-29,1.28,1142.09,17.7,2.43,0.5
2021-07-30,1.24,1151.86,18.24,2.4,0.5
2021-07-31,1.24,1151.86,18.24,2.4,0.5
2021-08-01,1.24,1151.86,18.24,2.4,0.75
2021-08-02,1.2,1150.72,19.46,2.37,0.75
2021-08-03,1.19,1149.45,18.04,2.38,0.75
2021-08-04,1.19,1142.99,17.97,2.35,0.75
2021-08-05,1.23,1142.53,17.28,2.33,0.75
2021-08-06,1.31,1145.87,16.15,2.37,0.75
2021-08-07,1.31,1145.87,16.15,2.37,0.75
2021-08-08,1.31,1145.87,16.15,2.37,0.75
2021-08-09,1.33,1145.83,16.72,2.37,0.75
2021-08-10,1.36,1152.5,16.79,2.4,0.75
2021-08-11,1.35,1156.09,16.06,2.42,0.75
2021-08-12,1.36,1162.78,15.59,2.41,0.75
2021-08-13,1.29,1168.36,15.45,2.37,0.75
2021-08-14,1.29,1168.36,15.45,2.37,0.75
2021-08-15,1.29,1168.36,15.45,2.37,0.75
2021-08-16,1.26,1166.78,16.12,2.36,0.75
2021-08-17,1.26,1177.08,17.91,2.33,0.75
2021-08-18,1.27,1170.18,21.57,2.32,0.75
2021-08-19,1.24,1173.89,21.67,2.28,0.75
2021-08-20,1.26,1180.4,18.56,2.27,0.75
2021-08-21,1.26,1180.4,18.56,2.27,0.75
2021-08-22,1.26,1180.4,18.56,2.27,0.75
2021-08-23,1.25,1169.73,17.15,2.27,0.75
2021-08-24,1.29,1165.43,17.22,2.3,0.75
2021-08-25,1.35,1164.24,16.79,2.35,0.75
2021-08-26,1.34,1169.88,18.84,2.33,0.75
2021-08-27,1.31,1162.5,16.39,2.39,0.75
2021-08-28,1.31,1162.5,16.39,2.39,0.75
2021-08-29,1.31,1162.5,16.39,2.39,0.75
2021-08-30,1.29,1166.33,16.19,2.37,0.75
2021-08-31,1.3,1158.32,16.48,2.33,0.75
2021-09-01,1.31,1156.03,16.11,2.34,0.75
2021-09-02,1.29,1160.95,16.41,2.32,0.75
2021-09-03,1.33,1155.44,16.41,2.34,0.75
2021-09-04,1.33,1155.44,16.41,2.34,0.75
2021-09-05,1.33,1155.44,16.41,2.34,0.75
2021-09-06,1.33,1155.44,16.41,2.34,0.75
2021-09-07,1.38,1162.88,18.14,2.36,0.75
2021-09-08,1.35,1166.21,17.96,2.38,0.75
2021-09-09,1.3,1169.61,18.8,2.38,0.75
2021-09-10,1.35,1169.63,20.95,2.4,0.75
2021-09-11,1.35,1169.63,20.95,2.4,0.75
2021-09-12,1.35,1169.63,20.95,2.4,0.75
2021-09-13,1.33,1173.33,19.37,2.37,0.75
2021-09-14,1.28,1170.71,19.46,2.33,0.75
2021-09-15,1.31,1168.58,18.18,2.35,0.75
2021-09-16,1.34,1171.23,18.69,2.35,0.75
2021-09-17,1.37,1175.34,20.81,2.33,0.75
2021-09-18,1.37,1175.34,20.81,2.33,0.75
2021-09-19,1.37,1175.34,20.81,2.33,0.75
2021-09-20,1.31,1186.73,25.71,2.29,0.75
2021-09-21,1.33,1185.15,24.36,2.29,0.75
2021-09-22,1.32,1182.41,20.87,2.28,0.75
2021-09-23,1.41,1173.48,18.63,2.31,0.75
2021-09-24,1.47,1176.53,17.75,2.34,0.75
2021-09-25,1.47,1176.53,17.75,2.34,0.75
2021-09-26,1.47,1176.53,17.75,2.34,0.75
2021-09-27,1.48,1175.9,18.76,2.35,0.75
2021-09-28,1.54,1183.61,23.25,2.38,0.75
2021-09-29,1.55,1181.75,22.56,2.37,0.75
2021-09-30,1.52,1183.7,23.14,2.37,0.75
2021-10-01,1.48,1187.24,21.15,2.38,0.75
2021-10-02,1.48,1187.24,21.15,2.38,0.75
2021-10-03,1.48,1187.24,21.15,2.38,0.75
2021-10-04,1.49,1182.4,22.96,2.38,0.75
2021-10-05,1.54,1188.31,21.3,2.45,0.75
2021-10-06,1.53,1192.6,21.0,2.43,0.75
2021-10-07,1.58,1190.76,19.54,2.46,0.75
2021-10-08,1.61,1194.58,18.77,2.5,0.75
2021-10-09,1.61,1194.58,18.77,2.5,0.75
2021-10-10,1.61,1194.58,18.77,2.5,0.75
2021-10-11,1.61,1194.58,20.0,2.5,0.75
2021-10-12,1.59,1198.72,19.85,2.49,0.75
2021-10-13,1.56,1193.89,18.64,2.52,0.75
2021-10-14,1.52,1186.3,16.86,2.52,0.75
2021-10-15,1.59,1182.34,16.3,2.56,0.75
2021-10-16,1.59,1182.34,16.3,2.56,0.75
2021-10-17,1.59,1182.34,16.3,2.56,0.75
2021-10-18,1.59,1187.55,16.31,2.54,0.75
2021-10-19,1.65,1175.32,15.7,2.54,0.75
2021-10-20,1.65,1175.05,15.49,2.57,0.75
2021-10-21,1.68,1177.25,15.01,2.64,0.75
2021-10-22,1.66,1176.85,15.43,2.64,0.75
2021-10-23,1.66,1176.85,15.43,2.64,0.75
2021-10-24,1.66,1176.85,15.43,2.64,0.75
2021-10-25,1.64,1167.59,15.24,2.66,0.75
2021-10-26,1.63,1167.58,15.98,2.69,0.75
2021-10-27,1.54,1171.19,16.98,2.65,0.75
2021-10-28,1.57,1167.34,16.53,2.57,0.75
2021-10-29,1.55,1174.94,16.26,2.51,0.75
2021-10-30,1.55,1174.94,16.26,2.51,0.75
2021-10-31,1.55,1174.94,16.26,2.51,0.75
2021-11-01,1.58,1177.73,16.41,2.5,1.0
2021-11-02,1.56,1177.04,16.03,2.51,1.0
2021-11-03,1.6,1184.56,15.1,2.53,1.0
2021-11-04,1.53,1186.77,15.44,2.56,1.0
2021-11-05,1.45,1183.28,16.48,2.54,1.0
2021-11-06,1.45,1183.28,16.48,2.54,1.0
2021-11-07,1.45,1183.28,16.48,2.54,1.0
2021-11-08,1.51,1180.64,17.22,2.62,1.0
2021-11-09,1.46,1178.64,17.78,2.63,1.0
2021-11-10,1.56,1181.16,18.73,2.7,1.0
2021-11-11,1.56,1181.16,17.66,2.7,1.0
2021-11-12,1.58,1179.23,16.29,2.73,1.0
2021-11-13,1.58,1179.23,16.29,2.73,1.0
2021-11-14,1.58,1179.23,16.29,2.73,1.0
2021-11-15,1.63,1181.61,16.49,2.76,1.0
2021-11-16,1.63,1183.3,16.37,2.73,1.0
2021-11-17,1.6,1182.4,17.11,2.7,1.0
2021-11-18,1.59,1183.42,17.59,2.73,1.0
2021-11-19,1.54,1184.93,17.91,2.65,1.0
2021-11-20,1.54,1184.93,17.91,2.65,1.0
2021-11-21,1.54,1184.93,17.91,2.65,1.0
2021-11-22,1.63,1185.33,19.17,2.61,1.0
2021-11-23,1.67,1190.31,19.38,2.62,1.0
2021-11-24,1.64,1186.01,18.58,2.61,1.0
2021-11-25,1.64,1186.01,18.58,2.61,1.0
2021-11-26,1.48,1194.43,28.62,2.55,1.0
2021-11-27,1.48,1194.43,28.62,2.55,1.0
2021-11-28,1.48,1194.43,28.62,2.55,1.0
2021-11-29,1.52,1192.96,22.96,2.54,1.0
2021-11-30,1.43,1187.45,27.19,2.5,1.0
2021-12-01,1.43,1187.45,31.12,2.44,1.0
2021-12-02,1.44,1175.18,27.95,2.47,1.0
2021-12-03,1.35,1179.84,30.67,2.43,1.0
2021-12-04,1.35,1179.84,30.67,2.43,1.0
2021-12-05,1.35,1179.84,30.67,2.43,1.0
2021-12-06,1.43,1182.29,27.18,2.44,1.0
2021-12-07,1.48,1179.24,21.89,2.47,1.0
2021-12-08,1.52,1175.19,19.9,2.52,1.0
2021-12-09,1.49,1173.59,21.58,2.47,1.0
2021-12-10,1.48,1180.99,18.69,2.44,1.0
2021-12-11,1.48,1180.99,18.69,2.44,1.0
2021-12-12,1.48,1180.99,18.69,2.44,1.0
2021-12-13,1.42,1184.19,20.31,2.4,1.0
2021-12-14,1.44,1182.7,21.89,2.37,1.0
2021-12-15,1.47,1186.06,19.29,2.39,1.0
2021-12-16,1.44,1183.59,20.57,2.42,1.0
2021-12-17,1.41,1181.03,21.57,2.38,1.0
2021-12-18,1.41,1181.03,21.57,2.38,1.0
2021-12-19,1.41,1181.03,21.57,2.38,1.0
2021-12-20,1.43,1191.07,22.87,2.39,1.0
2021-12-21,1.48,1192.35,21.01,2.44,1.0
2021-12-22,1.46,1190.21,18.63,2.47,1.0
2021-12-23,1.5,1187.59,17.96,2.47,1.0
2021-12-24,1.5,1187.59,17.96,2.47,1.0
2021-12-25,1.5,1187.59,17.96,2.47,1.0
2021-12-26,1.5,1187.59,17.96,2.47,1.0
2021-12-27,1.48,1186.82,17.68,2.5,1.0
2021-12-28,1.49,1188.15,17.54,2.5,1.0
2021-12-29,1.55,1185.51,16.95,2.53,1.0
2021-12-30,1.52,1188.59,17.33,2.58,1.0
2021-12-31,1.52,1188.59,17.22,2.56,1.0
2022-01-01,1.52,1188.59,17.22,2.56,1.25
2022-01-02,1.52,1188.59,17.22,2.56,1.25
2022-01-03,1.63,1191.39,16.6,2.6,1.25
2022-01-04,1.66,1193.77,16.91,2.57,1.25
2022-01-05,1.71,1196.38,19.73,2.53,1.25
2022-01-06,1.73,1205.02,19.61,2.46,1.25
2022-01-07,1.76,1200.78,18.76,2.48,1.25
2022-01-08,1.76,1200.78,18.76,2.48,1.25
2022-01-09,1.76,1200.78,18.76,2.48,1.25
2022-01-10,1.78,1199.13,19.4,2.48,1.25
2022-01-11,1.75,1194.62,18.41,2.54,1.25
2022-01-12,1.74,1187.34,17.62,2.48,1.25
2022-01-13,1.7,1187.95,20.31,2.43,1.25
2022-01-14,1.78,1186.96,19.19,2.44,1.25
2022-01-15,1.78,1186.96,19.19,2.44,1.25
2022-01-16,1.78,1186.96,19.19,2.44,1.25
2022-01-17,1.78,1186.96,19.19,2.44,1.25
2022-01-18,1.87,1192.74,22.79,2.46,1.25
2022-01-19,1.83,1188.51,23.85,2.4,1.25
2022-01-20,1.83,1191.96,25.59,2.33,1.25
2022-01-21,1.75,1193.87,28.85,2.34,1.25
2022-01-22,1.75,1193.87,28.85,2.34,1.25
2022-01-23,1.75,1193.87,28.85,2.34,1.25
2022-01-24,1.75,1195.68,29.9,2.38,1.25
2022-01-25,1.78,1198.66,31.16,2.41,1.25
2022-01-26,1.85,1197.46,31.96,2.38,1.25
2022-01-27,1.81,1202.65,30.49,2.4,1.25
2022-01-28,1.78,1209.04,27.66,2.44,1.25
2022-01-29,1.78,1209.04,27.66,2.44,1.25
2022-01-30,1.78,1209.04,27.66,2.44,1.25
2022-01-31,1.79,1206.78,24.83,2.44,1.25
2022-02-01,1.81,1209.44,21.96,2.43,1.25
2022-02-02,1.78,1201.7,22.09,2.41,1.25
2022-02-03,1.82,1206.35,24.35,2.38,1.25
2022-02-04,1.93,1199.43,23.22,2.41,1.25
2022-02-05,1.93,1199.43,23.22,2.41,1.25
2022-02-06,1.93,1199.43,23.22,2.41,1.25
2022-02-07,1.92,1198.64,22.86,2.4,1.25
2022-02-08,1.96,1198.05,21.44,2.42,1.25
2022-02-09,1.94,1196.36,19.96,2.42,1.25
2022-02-10,2.03,1196.31,23.91,2.45,1.25
2022-02-11,1.92,1198.72,27.36,2.43,1.25
2022-02-12,1.92,1198.72,27.36,2.43,1.25
2022-02-13,1.92,1198.72,27.36,2.43,1.25
2022-02-14,1.98,1196.21,28.33,2.48,1.25
2022-02-15,2.05,1199.78,25.7,2.48,1.25
2022-02-16,2.03,1197.51,24.29,2.46,1.25
2022-02-17,1.97,1197.39,28.11,2.43,1.25
2022-02-18,1.92,1195.4,27.75,2.41,1.25
2022-02-19,1.92,1195.4,27.75,2.41,1.25
2022-02-20,1.92,1195.4,27.75,2.41,1.25
2022-02-21,1.92,1195.4,27.75,2.41,1.25
2022-02-22,1.94,1192.07,28.81,2.45,1.25
2022-02-23,1.99,1193.42,31.02,2.53,1.25
2022-02-24,1.96,1202.34,30.32,2.55,1.25
2022-02-25,1.97,1201.93,27.59,2.54,1.25
2022-02-26,1.97,1201.93,27.59,2.54,1.25
2022-02-27,1.97,1201.93,27.59,2.54,1.25
2022-02-28,1.83,1202.28,30.15,2.62,1.25
2022-03-01,1.72,1204.34,33.32,2.62,1.25
2022-03-02,1.86,1205.58,30.74,2.71,1.25
2022-03-03,1.86,1204.35,30.48,2.69,1.25
2022-03-04,1.74,1213.71,31.98,2.67,1.25
2022-03-05,1.74,1213.71,31.98,2.67,1.25
2022-03-06,1.74,1213.71,31.98,2.67,1.25
2022-03-07,1.78,1226.78,36.45,2.77,1.25
2022-03-08,1.86,1237.18,35.13,2.9,1.25
2022-03-09,1.94,1234.01,32.45,2.84,1.25
2022-03-10,1.98,1228.21,30.23,2.86,1.25
2022-03-11,2.0,1231.47,30.75,2.94,1.25
2022-03-12,2.0,1231.47,30.75,2.94,1.25
2022-03-13,2.0,1231.47,30.75,2.94,1.25
2022-03-14,2.14,1241.46,31.77,2.93,1.25
2022-03-15,2.15,1242.65,29.83,2.84,1.25
2022-03-16,2.19,1228.04,26.67,2.8,1.25
2022-03-17,2.2,1214.33,25.67,2.91,1.25
2022-03-18,2.14,1212.2,23.87,2.86,1.25
2022-03-19,2.14,1212.2,23.87,2.86,1.25
2022-03-20,2.14,1212.2,23.87,2.86,1.25
2022-03-21,2.32,1216.12,23.53,2.9,1.25
2022-03-22,2.38,1217.09,22.94,2.91,1.25
2022-03-23,2.32,1217.92,23.57,2.94,1.25
2022-03-24,2.34,1220.45,21.67,2.92,1.25
2022-03-25,2.48,1218.77,20.81,2.95,1.25
2022-03-26,2.48,1218.77,20.81,2.95,1.25
2022-03-27,2.48,1218.77,20.81,2.95,1.25
2022-03-28,2.46,1225.46,19.63,2.95,1.25
2022-03-29,2.41,1219.21,18.9,2.86,1.25
2022-03-30,2.35,1208.46,19.33,2.86,1.25
2022-03-31,2.32,1211.55,20.56,2.84,1.25
2022-04-01,2.39,1215.29,19.63,2.8,1.5
2022-04-02,2.39,1215.29,19.63,2.8,1.5
2022-04-03,2.39,1215.29,19.63,2.8,1.5
2022-04-04,2.42,1214.72,18.57,2.8,1.5
2022-04-05,2.54,1212.55,21.03,2.84,1.5
2022-04-06,2.61,1212.55,22.1,2.83,1.5
2022-04-07,2.66,1218.96,21.55,2.82,1.5
2022-04-08,2.72,1225.13,21.16,2.87,1.5
2022-04-09,2.72,1225.13,21.16,2.87,1.5
2022-04-10,2.72,1225.13,21.16,2.87,1.5
2022-04-11,2.79,1233.38,24.37,2.91,1.5
2022-04-12,2.72,1236.03,24.26,2.86,1.5
2022-04-13,2.7,1227.17,21.82,2.8,1.5
2022-04-14,2.83,1224.18,22.7,2.89,1.5
2022-04-15,2.83,1227.97,22.7,2.89,1.5
2022-04-16,2.83,1227.97,22.7,2.89,1.5
2022-04-17,2.83,1227.97,22.7,2.89,1.5
2022-04-18,2.85,1233.73,22.17,2.92,1.5
2022-04-19,2.93,1236.53,21.37,2.93,1.5
2022-04-20,2.85,1235.28,20.32,2.92,1.5
2022-04-21,2.9,1238.13,22.68,3.02,1.5
2022-04-22,2.9,1239.66,28.21,2.98,1.5
2022-04-23,2.9,1239.66,28.21,2.98,1.5
2022-04-24,2.9,1239.66,28.21,2.98,1.5
2022-04-25,2.81,1249.87,27.02,2.91,1.5
2022-04-26,2.77,1260.37,33.52,2.85,1.5
2022-04-27,2.82,1269.35,31.6,2.88,1.5
2022-04-28,2.85,1271.5,29.99,2.97,1.5
2022-04-29,2.89,1255.87,33.4,2.88,1.5
2022-04-30,2.89,1255.87,33.4,2.88,1.5
2022-05-01,2.89,1255.87,33.4,2.88,1.75
2022-05-02,2.99,1265.24,32.34,2.81,1.75
2022-05-03,2.97,1267.82,29.25,2.83,1.75
2022-05-04,2.93,1265.22,25.42,2.86,1.75
2022-05-05,3.05,1256.05,31.2,2.87,1.75
2022-05-06,3.12,1272.58,30.19,2.86,1.75
2022-05-07,3.12,1272.58,30.19,2.86,1.75
2022-05-08,3.12,1272.58,30.19,2.86,1.75
2022-05-09,3.05,1276.29,34.75,2.75,1.75
2022-05-10,2.99,1275.02,32.99,2.65,1.75
2022-05-11,2.91,1275.04,32.56,2.7,1.75
2022-05-12,2.84,1288.65,31.77,2.59,1.75
2022-05-13,2.93,1283.51,28.87,2.69,1.75
2022-05-14,2.93,1283.51,28.87,2.69,1.75
2022-05-15,2.93,1283.51,28.87,2.69,1.75
2022-05-16,2.88,1284.79,27.47,2.68,1.75
2022-05-17,2.98,1274.33,26.1,2.71,1.75
2022-05-18,2.89,1266.36,30.96,2.72,1.75
2022-05-19,2.84,1276.91,29.35,2.59,1.75
2022-05-20,2.78,1267.87,29.43,2.55,1.75
2022-05-21,2.78,1267.87,29.43,2.55,1.75
2022-05-22,2.78,1267.87,29.43,2.55,1.75
2022-05-23,2.86,1263.85,28.48,2.6,1.75
2022-05-24,2.76,1265.97,29.45,2.55,1.75
2022-05-25,2.75,1264.58,28.37,2.56,1.75
2022-05-26,2.75,1267.83,27.5,2.62,1.75
2022-05-27,2.74,1250.13,25.72,2.63,1.75
2022-05-28,2.74,1250.13,25.72,2.63,1.75
2022-05-29,2.74,1250.13,25.72,2.63,1.75
2022-05-30,2.74,1250.13,26.54,2.63,1.75
2022-05-31,2.85,1236.93,26.19,2.64,1.75
2022-06-01,2.94,1246.52,25.69,2.65,1.75
2022-06-02,2.92,1252.03,24.72,2.66,1.75
2022-06-03,2.96,1242.23,24.79,2.74,1.75
2022-06-04,2.96,1242.23,24.79,2.74,1.75
2022-06-05,2.96,1242.23,24.79,2.74,1.75
2022-06-06,3.04,1253.52,25.07,2.76,1.75
2022-06-07,2.98,1255.32,24.02,2.73,1.75
2022-06-08,3.03,1253.5,23.96,2.75,1.75
2022-06-09,3.04,1256.91,26.09,2.75,1.75
2022-06-10,3.15,1268.01,27.75,2.76,1.75
2022-06-11,3.15,1268.01,27.75,2.76,1.75
2022-06-12,3.15,1268.01,27.75,2.76,1.75
2022-06-13,3.43,1283.69,34.02,2.74,1.75
2022-06-14,3.49,1285.87,32.69,2.6,1.75
2022-06-15,3.33,1290.05,29.62,2.7,1.75
2022-06-16,3.28,1286.76,32.95,2.62,1.75
2022-06-17,3.25,1287.36,31.13,2.58,1.75
2022-06-18,3.25,1287.36,31.13,2.58,1.75
2022-06-19,3.25,1287.36,31.13,2.58,1.75
2022-06-20,3.25,1287.36,31.03,2.58,1.75
2022-06-21,3.31,1293.25,30.19,2.61,1.75
2022-06-22,3.16,1297.21,28.95,2.54,1.75
2022-06-23,3.09,1300.86,29.05,2.5,1.75
2022-06-24,3.13,1298.71,27.23,2.56,1.75
2022-06-25,3.13,1298.71,27.23,2.56,1.75
2022-06-26,3.13,1298.71,27.23,2.56,1.75
2022-06-27,3.2,1286.2,26.95,2.55,1.75
2022-06-28,3.2,1290.18,28.36,2.48,1.75
2022-06-29,3.1,1298.39,28.16,2.36,1.75
2022-06-30,2.98,1298.95,28.71,2.33,1.75
2022-07-01,2.88,1297.18,26.7,2.34,2.25
2022-07-02,2.88,1297.18,26.7,2.34,2.25
2022-07-03,2.88,1297.18,26.7,2.34,2.25
2022-07-04,2.88,1297.18,27.53,2.34,2.25
2022-07-05,2.82,1299.69,27.54,2.3,2.25
2022-07-06,2.93,1307.1,26.73,2.29,2.25
2022-07-07,3.01,1299.51,26.08,2.33,2.25
2022-07-08,3.09,1299.51,24.64,2.37,2.25
2022-07-09,3.09,1299.51,24.64,2.37,2.25
2022-07-10,3.09,1299.51,24.64,2.37,2.25
2022-07-11,2.99,1308.9,26.17,2.32,2.25
2022-07-12,2.96,1311.91,27.29,2.32,2.25
2022-07-13,2.91,1306.65,26.82,2.31,2.25
2022-07-14,2.96,1311.76,26.4,2.34,2.25
2022-07-15,2.93,1321.15,24.23,2.36,2.25
2022-07-16,2.93,1321.15,24.23,2.36,2.25
2022-07-17,2.93,1321.15,24.23,2.36,2.25
2022-07-18,2.96,1316.7,25.3,2.37,2.25
2022-07-19,3.01,1313.52,24.5,2.39,2.25
2022-07-20,3.04,1313.1,23.88,2.38,2.25
2022-07-21,2.91,1307.58,23.11,2.33,2.25
2022-07-22,2.77,1312.82,23.03,2.34,2.25
2022-07-23,2.77,1312.82,23.03,2.34,2.25
2022-07-24,2.77,1312.82,23.03,2.34,2.25
2022-07-25,2.81,1313.27,23.36,2.36,2.25
2022-07-26,2.81,1308.33,24.69,2.36,2.25
2022-07-27,2.78,1313.14,23.24,2.42,2.25
2022-07-28,2.68,1299.69,22.33,2.48,2.25
2022-07-29,2.67,1299.08,21.33,2.53,2.25
2022-07-30,2.67,1299.08,21.33,2.53,2.25
2022-07-31,2.67,1299.08,21.33,2.53,2.25
2022-08-01,2.6,1304.18,22.84,2.51,2.5
2022-08-02,2.75,1304.89,23.93,2.48,2.5
2022-08-03,2.73,1310.69,21.95,2.5,2.5
2022-08-04,2.68,1310.2,21.44,2.46,2.5
2022-08-05,2.83,1298.22,21.15,2.46,2.5
2022-08-06,2.83,1298.22,21.15,2.46,2.5
2022-08-07,2.83,1298.22,21.15,2.46,2.5
2022-08-08,2.77,1306.11,21.29,2.48,2.5
2022-08-09,2.8,1304.5,21.77,2.47,2.5
2022-08-10,2.78,1310.54,19.74,2.43,2.5
2022-08-11,2.87,1302.72,20.2,2.47,2.5
2022-08-12,2.84,1302.13,19.53,2.47,2.5
2022-08-13,2.84,1302.13,19.53,2.47,2.5
2022-08-14,2.84,1302.13,19.53,2.47,2.5
2022-08-15,2.79,1305.85,19.95,2.44,2.5
2022-08-16,2.82,1308.54,19.69,2.44,2.5
2022-08-17,2.89,1310.16,19.9,2.46,2.5
2022-08-18,2.88,1319.94,19.56,2.52,2.5
2022-08-19,2.98,1325.5,20.6,2.55,2.5
2022-08-20,2.98,1325.5,20.6,2.55,2.5
2022-08-21,2.98,1325.5,20.6,2.55,2.5
2022-08-22,3.03,1339.4,23.8,2.57,2.5
2022-08-23,3.05,1339.4,24.11,2.58,2.5
2022-08-24,3.11,1342.05,22.82,2.62,2.5
2022-08-25,3.03,1335.46,21.78,2.6,2.5
2022-08-26,3.04,1331.17,25.56,2.57,2.5
2022-08-27,3.04,1331.17,25.56,2.57,2.5
2022-08-28,3.04,1331.17,25.56,2.57,2.5
2022-08-29,3.12,1349.8,26.21,2.58,2.5
2022-08-30,3.11,1346.37,26.21,2.55,2.5
2022-08-31,3.15,1338.66,25.87,2.48,2.5
2022-09-01,3.26,1354.34,25.56,2.45,2.5
2022-09-02,3.2,1362.2,25.47,2.47,2.5
2022-09-03,3.2,1362.2,25.47,2.47,2.5
2022-09-04,3.2,1362.2,25.47,2.47,2.5
2022-09-05,3.2,1362.2,25.99,2.47,2.5
2022-09-06,3.33,1378.95,26.91,2.48,2.5
2022-09-07,3.27,1383.72,24.64,2.45,2.5
2022-09-08,3.29,1380.51,23.61,2.41,2.5
2022-09-09,3.33,1376.74,22.79,2.42,2.5
2022-09-10,3.33,1376.74,22.79,2.42,2.5
2022-09-11,3.33,1376.74,22.79,2.42,2.5
2022-09-12,3.37,1377.38,23.87,2.42,2.5
2022-09-13,3.42,1373.76,27.27,2.44,2.5
2022-09-14,3.41,1391.1,26.16,2.46,2.5
2022-09-15,3.45,1393.93,26.27,2.43,2.5
2022-09-16,3.45,1384.48,26.3,2.38,2.5
2022-09-17,3.45,1384.48,26.3,2.38,2.5
2022-09-18,3.45,1384.48,26.3,2.38,2.5
2022-09-19,3.49,1393.05,25.76,2.34,2.5
2022-09-20,3.57,1389.86,27.16,2.4,2.5
2022-09-21,3.51,1395.92,27.99,2.38,2.5
2022-09-22,3.7,1412.29,27.35,2.41,2.5
2022-09-23,3.69,1409.42,29.92,2.37,2.5
2022-09-24,3.69,1409.42,29.92,2.37,2.5
2022-09-25,3.69,1409.42,29.92,2.37,2.5
2022-09-26,3.88,1432.47,32.26,2.32,2.5
2022-09-27,3.97,1422.39,32.6,2.33,2.5
2022-09-28,3.72,1440.5,30.18,2.33,2.5
2022-09-29,3.76,1439.15,31.84,2.19,2.5
2022-09-30,3.83,1431.67,31.62,2.15,2.5
2022-10-01,3.83,1431.67,31.62,2.15,3.0
2022-10-02,3.83,1431.67,31.62,2.15,3.0
2022-10-03,3.67,1434.83,30.1,2.24,3.0
2022-10-04,3.62,1425.75,29.07,2.24,3.0
2022-10-05,3.76,1410.74,28.55,2.22,3.0
2022-10-06,3.83,1402.33,30.52,2.22,3.0
2022-10-07,3.89,1412.54,31.36,2.27,3.0
2022-10-08,3.89,1412.54,31.36,2.27,3.0
2022-10-09,3.89,1412.54,31.36,2.27,3.0
2022-10-10,3.89,1412.54,32.45,2.27,3.0
2022-10-11,3.93,1435.36,33.63,2.31,3.0
2022-10-12,3.91,1423.81,33.57,2.29,3.0
2022-10-13,3.97,1430.4,31.94,2.34,3.0
2022-10-14,4.0,1428.06,32.02,2.41,3.0
2022-10-15,4.0,1428.06,32.02,2.41,3.0
2022-10-16,4.0,1428.06,32.02,2.41,3.0
2022-10-17,4.02,1434.73,31.37,2.45,3.0
2022-10-18,4.01,1422.19,30.5,2.41,3.0
2022-10-19,4.14,1426.07,30.76,2.42,3.0
2022-10-20,4.24,1431.63,29.98,2.51,3.0
2022-10-21,4.21,1440.31,29.69,2.52,3.0
2022-10-22,4.21,1440.31,29.69,2.52,3.0
2022-10-23,4.21,1440.31,29.69,2.52,3.0
2022-10-24,4.25,1439.14,29.85,2.59,3.0
2022-10-25,4.1,1432.46,28.46,2.51,3.0
2022-10-26,4.04,1425.68,27.28,2.44,3.0
2022-10-27,3.96,1419.0,27.39,2.45,3.0
2022-10-28,4.02,1421.67,25.75,2.51,3.0
2022-10-29,4.02,1421.67,25.75,2.51,3.0
2022-10-30,4.02,1421.67,25.75,2.51,3.0
2022-10-31,4.1,1424.6,25.88,2.52,3.0
2022-11-01,4.07,1416.2,25.81,2.51,3.25
2022-11-02,4.1,1418.31,25.86,2.53,3.25
2022-11-03,4.14,1423.99,25.3,2.4,3.25
2022-11-04,4.17,1423.99,24.55,2.48,3.25
2022-11-05,4.17,1423.99,24.55,2.48,3.25
2022-11-06,4.17,1423.99,24.55,2.48,3.25
2022-11-07,4.22,1402.05,24.35,2.53,3.25
2022-11-08,4.14,1384.61,25.54,2.5,3.25
2022-11-09,4.12,1364.85,26.09,2.42,3.25
2022-11-10,3.82,1377.52,23.53,2.39,3.25
2022-11-11,3.82,1377.52,22.52,2.39,3.25
2022-11-12,3.82,1377.52,22.52,2.39,3.25
2022-11-13,3.82,1377.52,22.52,2.39,3.25
2022-11-14,3.88,1327.38,23.73,2.37,3.25
2022-11-15,3.8,1317.88,24.54,2.35,3.25
2022-11-16,3.67,1326.46,24.11,2.29,3.25
2022-11-17,3.77,1338.97,23.93,2.28,3.25
2022-11-18,3.82,1339.61,23.12,2.25,3.25
2022-11-19,3.82,1339.61,23.12,2.25,3.25
2022-11-20,3.82,1339.61,23.12,2.25,3.25
2022-11-21,3.83,1354.87,22.36,2.31,3.25
2022-11-22,3.76,1356.66,21.29,2.32,3.25
2022-11-23,3.71,1352.49,20.35,2.32,3.25
2022-11-24,3.71,1352.49,20.42,2.32,3.25
2022-11-25,3.68,1325.22,20.5,2.32,3.25
2022-11-26,3.68,1325.22,20.5,2.32,3.25
2022-11-27,3.68,1325.22,20.5,2.32,3.25
2022-11-28,3.69,1340.66,22.21,2.26,3.25
2022-11-29,3.75,1327.24,21.89,2.25,3.25
2022-11-30,3.68,1316.84,20.58,2.34,3.25
2022-12-01,3.53,1299.11,19.84,2.36,3.25
2022-12-02,3.51,1300.5,19.06,2.43,3.25
2022-12-03,3.51,1300.5,19.06,2.43,3.25
2022-12-04,3.51,1300.5,19.06,2.43,3.25
2022-12-05,3.6,1292.58,20.75,2.39,3.25
2022-12-06,3.51,1319.31,22.17,2.31,3.25
2022-12-07,3.42,1322.23,22.68,2.26,3.25
2022-12-08,3.48,1317.56,22.29,2.28,3.25
2022-12-09,3.57,1301.61,22.83,2.26,3.25
2022-12-10,3.57,1301.61,22.83,2.26,3.25
2022-12-11,3.57,1301.61,22.83,2.26,3.25
2022-12-12,3.61,1307.62,25.0,2.28,3.25
2022-12-13,3.51,1301.47,22.55,2.24,3.25
2022-12-14,3.49,1294.79,21.14,2.19,3.25
2022-12-15,3.44,1302.91,22.83,2.16,3.25
2022-12-16,3.48,1307.73,22.62,2.13,3.25
2022-12-17,3.48,1307.73,22.62,2.13,3.25
2022-12-18,3.48,1307.73,22.62,2.13,3.25
2022-12-19,3.57,1302.29,22.42,2.15,3.25
2022-12-20,3.69,1290.41,21.48,2.24,3.25
2022-12-21,3.68,1284.7,20.07,2.27,3.25
2022-12-22,3.67,1275.68,21.97,2.19,3.25
2022-12-23,3.75,1280.02,20.87,2.2,3.25
2022-12-24,3.75,1280.02,20.87,2.2,3.25
2022-12-25,3.75,1280.02,20.87,2.2,3.25
2022-12-26,3.75,1280.02,20.87,2.2,3.25
2022-12-27,3.84,1271.0,21.65,2.26,3.25
2022-12-28,3.88,1267.54,22.14,2.28,3.25
2022-12-29,3.83,1265.58,21.44,2.27,3.25
2022-12-30,3.88,1260.18,21.67,2.3,3.25
2022-12-31,3.88,1260.18,21.67,2.3,3.25
2023-01-01,3.88,1260.18,21.67,2.3,3.5
2023-01-02,3.88,1260.18,21.67,2.3,3.5
2023-01-03,3.79,1271.1,22.9,2.26,3.5
2023-01-04,3.69,1272.15,22.01,2.22,3.5
2023-01-05,3.71,1268.91,22.46,2.22,3.5
2023-01-06,3.55,1268.13,21.13,2.21,3.5
2023-01-07,3.55,1268.13,21.13,2.21,3.5
2023-01-08,3.55,1268.13,21.13,2.21,3.5
2023-01-09,3.53,1243.62,21.97,2.22,3.5
2023-01-10,3.61,1243.83,20.58,2.24,3.5
2023-01-11,3.54,1245.39,21.09,2.23,3.5
2023-01-12,3.43,1246.26,18.83,2.21,3.5
2023-01-13,3.49,1241.59,18.35,2.18,3.5
2023-01-14,3.49,1241.59,18.35,2.18,3.5
2023-01-15,3.49,1241.59,18.35,2.18,3.5
2023-01-16,3.49,1241.59,19.49,2.18,3.5
2023-01-17,3.53,1238.7,19.36,2.17,3.5
2023-01-18,3.37,1237.32,20.34,2.12,3.5
2023-01-19,3.39,1232.05,20.52,2.2,3.5
2023-01-20,3.48,1235.57,19.85,2.23,3.5
2023-01-21,3.48,1235.57,19.85,2.23,3.5
2023-01-22,3.48,1235.57,19.85,2.23,3.5
2023-01-23,3.52,1228.59,19.81,2.28,3.5
2023-01-24,3.46,1234.79,19.2,2.27,3.5
2023-01-25,3.46,1231.67,19.08,2.29,3.5
2023-01-26,3.49,1230.95,18.73,2.33,3.5
2023-01-27,3.52,1231.53,18.51,2.33,3.5
2023-01-28,3.52,1231.53,18.51,2.33,3.5
2023-01-29,3.52,1231.53,18.51,2.33,3.5
2023-01-30,3.55,1227.31,19.94,2.29,3.5
2023-01-31,3.52,1231.95,19.4,2.24,3.5
2023-02-01,3.39,1231.77,17.87,2.25,3.5
2023-02-02,3.4,1220.34,18.73,2.22,3.5
2023-02-03,3.53,1229.22,18.33,2.22,3.5
2023-02-04,3.53,1229.22,18.33,2.22,3.5
2023-02-05,3.53,1229.22,18.33,2.22,3.5
2023-02-06,3.63,1252.61,19.43,2.25,3.5
2023-02-07,3.67,1255.53,18.66,2.31,3.5
2023-02-08,3.63,1260.03,19.63,2.34,3.5
2023-02-09,3.67,1259.67,20.71,2.33,3.5
2023-02-10,3.74,1264.15,20.53,2.33,3.5
2023-02-11,3.74,1264.15,20.53,2.33,3.5
2023-02-12,3.74,1264.15,20.53,2.33,3.5
2023-02-13,3.72,1277.05,20.34,2.31,3.5
2023-02-14,3.77,1268.93,18.91,2.31,3.5
2023-02-15,3.81,1282.16,18.23,2.35,3.5
2023-02-16,3.86,1284.33,20.17,2.37,3.5
2023-02-17,3.82,1299.62,20.02,2.36,3.5
2023-02-18,3.82,1299.62,20.02,2.36,3.5
2023-02-19,3.82,1299.62,20.02,2.36,3.5
2023-02-20,3.82,1299.62,21.23,2.36,3.5
2023-02-21,3.95,1295.99,22.87,2.42,3.5
2023-02-22,3.93,1304.31,22.29,2.41,3.5
2023-02-23,3.88,1296.79,21.14,2.39,3.5
2023-02-24,3.95,1304.59,21.67,2.38,3.5
2023-02-25,3.95,1304.59,21.67,2.38,3.5
2023-02-26,3.95,1304.59,21.67,2.38,3.5
2023-02-27,3.92,1322.45,20.95,2.36,3.5
2023-02-28,3.92,1323.45,20.7,2.43,3.5
2023-03-01,4.01,1315.15,20.58,2.44,3.5
2023-03-02,4.08,1313.96,19.59,2.48,3.5
2023-03-03,3.97,1300.59,18.49,2.52,3.5
2023-03-04,3.97,1300.59,18.49,2.52,3.5
2023-03-05,3.97,1300.59,18.49,2.52,3.5
2023-03-06,3.98,1296.14,18.61,2.49,3.5
2023-03-07,3.97,1299.7,19.59,2.38,3.5
2023-03-08,3.98,1320.81,19.11,2.32,3.5
2023-03-09,3.93,1321.58,22.61,2.3,3.5
2023-03-10,3.7,1324.51,24.8,2.26,3.5
2023-03-11,3.7,1324.51,24.8,2.26,3.5
2023-03-12,3.7,1324.51,24.8,2.26,3.5
2023-03-13,3.55,1300.46,26.52,2.24,3.5
2023-03-14,3.64,1306.13,23.73,2.31,3.5
2023-03-15,3.51,1317.78,26.14,2.29,3.5
2023-03-16,3.56,1312.13,22.99,2.22,3.5
2023-03-17,3.39,1303.75,25.51,2.1,3.5
2023-03-18,3.39,1303.75,25.51,2.1,3.5
2023-03-19,3.39,1303.75,25.51,2.1,3.5
2023-03-20,3.47,1310.69,24.15,2.14,3.5
2023-03-21,3.59,1310.65,21.38,2.23,3.5
2023-03-22,3.48,1307.5,22.26,2.28,3.5
2023-03-23,3.38,1278.93,22.61,2.19,3.5
2023-03-24,3.38,1292.57,21.74,2.22,3.5
2023-03-25,3.38,1292.57,21.74,2.22,3.5
2023-03-26,3.38,1292.57,21.74,2.22,3.5
2023-03-27,3.53,1301.01,20.6,2.24,3.5
2023-03-28,3.55,1298.26,19.97,2.31,3.5
2023-03-29,3.57,1303.38,19.12,2.33,3.5
2023-03-30,3.55,1298.89,19.02,2.34,3.5
2023-03-31,3.48,1303.8,18.7,2.32,3.5
2023-04-01,3.48,1303.8,18.7,2.32,3.5
2023-04-02,3.48,1303.8,18.7,2.32,3.5
2023-04-03,3.43,1316.38,18.55,2.29,3.5
2023-04-04,3.35,1315.1,19.0,2.25,3.5
2023-04-05,3.3,1310.05,19.08,2.23,3.5
2023-04-06,3.3,1319.1,18.4,2.24,3.5
2023-04-07,3.39,1319.1,18.4,2.25,3.5
2023-04-08,3.39,1319.1,18.4,2.25,3.5
2023-04-09,3.39,1319.1,18.4,2.25,3.5
2023-04-10,3.41,1319.09,18.97,2.27,3.5
2023-04-11,3.43,1322.04,19.1,2.29,3.5
2023-04-12,3.41,1325.34,19.09,2.27,3.5
2023-04-13,3.45,1310.68,17.8,2.29,3.5
2023-04-14,3.52,1299.12,17.07,2.3,3.5
2023-04-15,3.52,1299.12,17.07,2.3,3.5
2023-04-16,3.52,1299.12,17.07,2.3,3.5
2023-04-17,3.6,1311.36,16.95,2.32,3.5
2023-04-18,3.58,1318.43,16.83,2.28,3.5
2023-04-19,3.6,1325.28,16.46,2.28,3.5
2023-04-20,3.54,1323.28,17.17,2.26,3.5
2023-04-21,3.57,1327.53,16.77,2.28,3.5
2023-04-22,3.57,1327.53,16.77,2.28,3.5
2023-04-23,3.57,1327.53,16.77,2.28,3.5
2023-04-24,3.52,1334.94,16.89,2.28,3.5
2023-04-25,3.4,1331.93,18.76,2.25,3.5
2023-04-26,3.43,1336.23,18.84,2.25,3.5
2023-04-27,3.53,1337.75,17.03,2.27,3.5
2023-04-28,3.44,1338.41,15.78,2.18,3.5
2023-04-29,3.44,1338.41,15.78,2.18,3.5
2023-04-30,3.44,1338.41,15.78,2.18,3.5
2023-05-01,3.59,1339.65,16.08,2.23,3.5
2023-05-02,3.44,1341.0,17.78,2.2,3.5
2023-05-03,3.38,1337.94,18.34,2.2,3.5
2023-05-04,3.37,1322.21,20.09,2.19,3.5
2023-05-05,3.44,1318.38,17.19,2.21,3.5
2023-05-06,3.44,1318.38,17.19,2.21,3.5
2023-05-07,3.44,1318.38,17.19,2.21,3.5
2023-05-08,3.52,1320.49,16.98,2.23,3.5
2023-05-09,3.53,1323.59,17.71,2.23,3.5
2023-05-10,3.43,1324.48,16.94,2.17,3.5
2023-05-11,3.39,1325.09,16.93,2.16,3.5
2023-05-12,3.46,1333.74,17.03,2.18,3.5
2023-05-13,3.46,1333.74,17.03,2.18,3.5
2023-05-14,3.46,1333.74,17.03,2.18,3.5
2023-05-15,3.5,1336.13,17.12,2.19,3.5
2023-05-16,3.54,1338.64,17.99,2.19,3.5
2023-05-17,3.57,1337.29,16.87,2.22,3.5
2023-05-18,3.65,1333.88,16.05,2.23,3.5
2023-05-19,3.7,1326.12,16.81,2.24,3.5
2023-05-20,3.7,1326.12,16.81,2.24,3.5
2023-05-21,3.7,1326.12,16.81,2.24,3.5
2023-05-22,3.72,1317.77,17.21,2.24,3.5
2023-05-23,3.7,1312.01,18.53,2.26,3.5
2023-05-24,3.73,1316.71,20.03,2.25,3.5
2023-05-25,3.83,1325.9,19.14,2.25,3.5
2023-05-26,3.8,1324.4,17.95,2.23,3.5
2023-05-27,3.8,1324.4,17.95,2.23,3.5
2023-05-28,3.8,1324.4,17.95,2.23,3.5
2023-05-29,3.8,1324.4,17.46,2.23,3.5
2023-05-30,3.69,1324.59,17.46,2.22,3.5
2023-05-31,3.64,1324.55,17.94,2.18,3.5
2023-06-01,3.61,1321.35,15.65,2.16,3.5
2023-06-02,3.69,1305.21,14.6,2.18,3.5
2023-06-03,3.69,1305.21,14.6,2.18,3.5
2023-06-04,3.69,1305.21,14.6,2.18,3.5
2023-06-05,3.69,1308.16,14.73,2.19,3.5
2023-06-06,3.7,1297.93,13.96,2.2,3.5
2023-06-07,3.79,1303.62,13.94,2.21,3.5
2023-06-08,3.73,1304.26,13.65,2.2,3.5
2023-06-09,3.75,1291.46,13.83,2.2,3.5
2023-06-10,3.75,1291.46,13.83,2.2,3.5
2023-06-11,3.75,1291.46,13.83,2.2,3.5
2023-06-12,3.73,1288.61,15.01,2.17,3.5
2023-06-13,3.84,1271.48,14.61,2.2,3.5
2023-06-14,3.83,1278.44,13.88,2.21,3.5
2023-06-15,3.72,1279.99,14.5,2.21,3.5
2023-06-16,3.77,1272.68,13.54,2.22,3.5
2023-06-17,3.77,1272.68,13.54,2.22,3.5
2023-06-18,3.77,1272.68,13.54,2.22,3.5
2023-06-19,3.77,1272.68,14.19,2.22,3.5
2023-06-20,3.74,1280.21,13.88,2.22,3.5
2023-06-21,3.72,1291.78,13.2,2.21,3.5
2023-06-22,3.8,1294.75,12.91,2.24,3.5
2023-06-23,3.74,1304.19,13.44,2.21,3.5
2023-06-24,3.74,1304.19,13.44,2.21,3.5
2023-06-25,3.74,1304.19,13.44,2.21,3.5
2023-06-26,3.72,1304.88,14.25,2.18,3.5
2023-06-27,3.77,1299.99,13.74,2.2,3.5
2023-06-28,3.71,1307.76,13.43,2.18,3.5
2023-06-29,3.85,1317.73,13.54,2.2,3.5
2023-06-30,3.81,1317.8,13.59,2.22,3.5
2023-07-01,3.81,1317.8,13.59,2.22,3.5
2023-07-02,3.81,1317.8,13.59,2.22,3.5
2023-07-03,3.86,1308.37,13.57,2.25,3.5
2023-07-04,3.86,1308.37,13.7,2.25,3.5
2023-07-05,3.95,1298.74,14.18,2.26,3.5
2023-07-06,4.05,1300.85,15.44,2.27,3.5
2023-07-07,4.06,1304.89,14.83,2.27,3.5
2023-07-08,4.06,1304.89,14.83,2.27,3.5
2023-07-09,4.06,1304.89,14.83,2.27,3.5
2023-07-10,4.01,1306.45,15.07,2.25,3.5
2023-07-11,3.99,1293.64,14.84,2.24,3.5
2023-07-12,3.86,1288.17,13.54,2.26,3.5
2023-07-13,3.76,1273.99,13.61,2.24,3.5
2023-07-14,3.83,1266.28,13.34,2.24,3.5
2023-07-15,3.83,1266.28,13.34,2.24,3.5
2023-07-16,3.83,1266.28,13.34,2.24,3.5
2023-07-17,3.81,1267.02,13.48,2.25,3.5
2023-07-18,3.8,1260.87,13.3,2.23,3.5
2023-07-19,3.75,1265.76,13.76,2.22,3.5
2023-07-20,3.85,1269.26,13.99,2.35,3.5
2023-07-21,3.84,1283.71,13.6,2.35,3.5
2023-07-22,3.84,1283.71,13.6,2.35,3.5
2023-07-23,3.84,1283.71,13.6,2.35,3.5
2023-07-24,3.86,1280.54,13.91,2.38,3.5
2023-07-25,3.91,1275.32,13.86,2.39,3.5
2023-07-26,3.86,1274.04,13.19,2.36,3.5
2023-07-27,4.01,1277.23,14.41,2.37,3.5
2023-07-28,3.96,1276.69,13.33,2.38,3.5
2023-07-29,3.96,1276.69,13.33,2.38,3.5
2023-07-30,3.96,1276.69,13.33,2.38,3.5
2023-07-31,3.97,1273.85,13.63,2.37,3.5
2023-08-01,4.05,1283.84,13.93,2.37,3.5
2023-08-02,4.08,1297.66,16.09,2.36,3.5
2023-08-03,4.2,1298.54,15.92,2.37,3.5
2023-08-04,4.05,1309.49,17.1,2.38,3.5
2023-08-05,4.05,1309.49,17.1,2.38,3.5
2023-08-06,4.05,1309.49,17.1,2.38,3.5
2023-08-07,4.09,1305.94,15.77,2.41,3.5
2023-08-08,4.02,1316.02,15.99,2.36,3.5
2023-08-09,4.0,1315.45,15.96,2.34,3.5
2023-08-10,4.09,1315.54,15.85,2.33,3.5
2023-08-11,4.16,1324.17,14.84,2.36,3.5
2023-08-12,4.16,1324.17,14.84,2.36,3.5
2023-08-13,4.16,1324.17,14.84,2.36,3.5
2023-08-14,4.19,1330.05,14.82,2.36,3.5
2023-08-15,4.21,1335.0,16.46,2.32,3.5
2023-08-16,4.28,1336.84,16.78,2.32,3.5
2023-08-17,4.3,1341.13,17.89,2.33,3.5
2023-08-18,4.26,1337.99,17.3,2.32,3.5
2023-08-19,4.26,1337.99,17.3,2.32,3.5
2023-08-20,4.26,1337.99,17.3,2.32,3.5
2023-08-21,4.34,1342.45,17.13,2.34,3.5
2023-08-22,4.34,1335.06,16.97,2.35,3.5
2023-08-23,4.19,1339.12,15.98,2.35,3.5
2023-08-24,4.23,1321.07,17.2,2.32,3.5
2023-08-25,4.25,1324.11,15.68,2.33,3.5
2023-08-26,4.25,1324.11,15.68,2.33,3.5
2023-08-27,4.25,1324.11,15.68,2.33,3.5
2023-08-28,4.2,1323.2,15.08,2.3,3.5
2023-08-29,4.12,1321.87,14.45,2.29,3.5
2023-08-30,4.12,1323.42,13.88,2.26,3.5
2023-08-31,4.09,1322.43,13.57,2.24,3.5
2023-09-01,4.18,1318.34,13.09,2.26,3.5
2023-09-02,4.18,1318.34,13.09,2.26,3.5
2023-09-03,4.18,1318.34,13.09,2.26,3.5
2023-09-04,4.18,1318.34,13.82,2.26,3.5
2023-09-05,4.27,1330.16,14.01,2.29,3.5
2023-09-06,4.3,1330.87,14.45,2.3,3.5
2023-09-07,4.27,1335.03,14.4,2.32,3.5
2023-09-08,4.26,1332.83,13.84,2.33,3.5
2023-09-09,4.26,1332.83,13.84,2.33,3.5
2023-09-10,4.26,1332.83,13.84,2.33,3.5
2023-09-11,4.29,1331.59,13.8,2.35,3.5
2023-09-12,4.27,1327.29,14.23,2.34,3.5
2023-09-13,4.25,1329.7,13.48,2.35,3.5
2023-09-14,4.29,1325.88,12.82,2.34,3.5
2023-09-15,4.33,1325.89,13.79,2.35,3.5
2023-09-16,4.33,1325.89,13.79,2.35,3.5
2023-09-17,4.33,1325.89,13.79,2.35,3.5
2023-09-18,4.32,1323.99,14.0,2.36,3.5
2023-09-19,4.37,1328.13,14.11,2.37,3.5
2023-09-20,4.35,1330.34,15.14,2.35,3.5
2023-09-21,4.49,1340.08,17.54,2.38,3.5
2023-09-22,4.44,1336.58,17.2,2.37,3.5
2023-09-23,4.44,1336.58,17.2,2.37,3.5
2023-09-24,4.44,1336.58,17.2,2.37,3.5
2023-09-25,4.55,1336.03,16.9,2.37,3.5
2023-09-26,4.56,1348.69,18.94,2.33,3.5
2023-09-27,4.61,1349.05,18.22,2.34,3.5
2023-09-28,4.59,1356.41,17.34,2.39,3.5
2023-09-29,4.59,1347.86,17.52,2.35,3.5
2023-09-30,4.59,1347.86,17.52,2.35,3.5
2023-10-01,4.59,1347.86,17.52,2.35,3.5
2023-10-02,4.69,1351.67,17.61,2.35,3.5
2023-10-03,4.81,1360.62,19.78,2.36,3.5
2023-10-04,4.73,1362.94,18.58,2.33,3.5
2023-10-05,4.72,1350.22,18.49,2.31,3.5
2023-10-06,4.78,1350.17,17.45,2.31,3.5
2023-10-07,4.78,1350.17,17.45,2.31,3.5
2023-10-08,4.78,1350.17,17.45,2.31,3.5
2023-10-09,4.78,1350.17,17.7,2.31,3.5
2023-10-10,4.66,1349.79,17.03,2.32,3.5
2023-10-11,4.58,1339.31,16.09,2.32,3.5
2023-10-12,4.7,1338.21,16.69,2.34,3.5
2023-10-13,4.63,1349.65,19.32,2.34,3.5
2023-10-14,4.63,1349.65,19.32,2.34,3.5
2023-10-15,4.63,1349.65,19.32,2.34,3.5
2023-10-16,4.71,1353.67,17.21,2.38,3.5
2023-10-17,4.83,1353.6,17.88,2.41,3.5
2023-10-18,4.91,1349.45,19.22,2.44,3.5
2023-10-19,4.98,1357.5,21.4,2.49,3.5
2023-10-20,4.93,1352.92,21.71,2.47,3.5
2023-10-21,4.93,1352.92,21.71,2.47,3.5
2023-10-22,4.93,1352.92,21.71,2.47,3.5
2023-10-23,4.86,1353.7,20.37,2.41,3.5
2023-10-24,4.83,1342.68,18.97,2.4,3.5
2023-10-25,4.95,1349.07,20.19,2.43,3.5
2023-10-26,4.86,1359.32,20.68,2.42,3.5
2023-10-27,4.84,1355.15,21.27,2.42,3.5
2023-10-28,4.84,1355.15,21.27,2.42,3.5
2023-10-29,4.84,1355.15,21.27,2.42,3.5
2023-10-30,4.88,1350.98,19.75,2.44,3.5
2023-10-31,4.88,1351.03,18.14,2.42,3.5
2023-11-01,4.77,1356.94,16.87,2.41,3.5
2023-11-02,4.67,1342.91,15.66,2.4,3.5
2023-11-03,4.57,1322.04,14.91,2.39,3.5
2023-11-04,4.57,1322.04,14.91,2.39,3.5
2023-11-05,4.57,1322.04,14.91,2.39,3.5
2023-11-06,4.67,1297.94,14.89,2.42,3.5
2023-11-07,4.58,1308.33,14.81,2.39,3.5
2023-11-08,4.49,1309.98,14.45,2.34,3.5
2023-11-09,4.62,1309.89,15.29,2.33,3.5
2023-11-10,4.61,1309.89,14.17,2.32,3.5
2023-11-11,4.61,1309.89,14.17,2.32,3.5
2023-11-12,4.61,1309.89,14.17,2.32,3.5
2023-11-13,4.63,1324.97,14.76,2.31,3.5
2023-11-14,4.44,1328.74,14.16,2.28,3.5
2023-11-15,4.53,1300.34,14.18,2.31,3.5
2023-11-16,4.45,1297.1,14.32,2.27,3.5
2023-11-17,4.44,1296.21,13.8,2.28,3.5
2023-11-18,4.44,1296.21,13.8,2.28,3.5
2023-11-19,4.44,1296.21,13.8,2.28,3.5
2023-11-20,4.42,1291.48,13.41,2.3,3.5
2023-11-21,4.41,1289.34,13.35,2.25,3.5
2023-11-22,4.42,1300.06,12.85,2.26,3.5
2023-11-23,4.42,1300.06,12.8,2.26,3.5
2023-11-24,4.47,1306.08,12.46,2.26,3.5
2023-11-25,4.47,1306.08,12.46,2.26,3.5
2023-11-26,4.47,1306.08,12.46,2.26,3.5
2023-11-27,4.39,1304.33,12.69,2.21,3.5
2023-11-28,4.34,1293.71,12.69,2.22,3.5
2023-11-29,4.27,1292.74,12.98,2.21,3.5
2023-11-30,4.37,1289.95,12.92,2.23,3.5
2023-12-01,4.22,1305.45,12.63,2.22,3.5
2023-12-02,4.22,1305.45,12.63,2.22,3.5
2023-12-03,4.22,1305.45,12.63,2.22,3.5
2023-12-04,4.28,1304.43,13.08,2.21,3.5
2023-12-05,4.18,1311.47,12.85,2.17,3.5
2023-12-06,4.12,1313.03,12.97,2.14,3.5
2023-12-07,4.14,1325.27,13.06,2.17,3.5
2023-12-08,4.23,1307.11,12.35,2.21,3.5
2023-12-09,4.23,1307.11,12.35,2.21,3.5
2023-12-10,4.23,1307.11,12.35,2.21,3.5
2023-12-11,4.23,1316.38,12.63,2.19,3.5
2023-12-12,4.2,1313.75,12.07,2.16,3.5
2023-12-13,4.04,1319.76,12.19,2.16,3.5
2023-12-14,3.92,1296.11,12.48,2.22,3.5
2023-12-15,3.91,1295.92,12.28,2.22,3.5
2023-12-16,3.91,1295.92,12.28,2.22,3.5
2023-12-17,3.91,1295.92,12.28,2.22,3.5
2023-12-18,3.95,1297.63,12.56,2.21,3.5
2023-12-19,3.93,1307.95,12.53,2.19,3.5
2023-12-20,3.86,1299.22,13.67,2.19,3.5
2023-12-21,3.89,1304.82,13.65,2.19,3.5
2023-12-22,3.9,1302.54,13.03,2.19,3.5
2023-12-23,3.9,1302.54,13.03,2.19,3.5
2023-12-24,3.9,1302.54,13.03,2.19,3.5
2023-12-25,3.9,1302.54,13.03,2.19,3.5
2023-12-26,3.89,1294.25,12.99,2.18,3.5
2023-12-27,3.79,1293.38,12.43,2.15,3.5
2023-12-28,3.84,1288.45,12.47,2.16,3.5
2023-12-29,3.88,1290.97,12.45,2.16,3.5
2023-12-30,3.88,1290.97,12.45,2.16,3.5
2023-12-31,3.88,1290.97,12.45,2.16,3.5
2024-01-01,3.88,1290.97,12.45,2.16,3.5
2024-01-02,3.95,1300.52,13.2,2.21,3.5
2024-01-03,3.91,1305.1,14.04,2.2,3.5
2024-01-04,3.99,1310.39,14.13,2.22,3.5
2024-01-05,4.05,1315.62,13.35,2.22,3.5
2024-01-06,4.05,1315.62,13.35,2.22,3.5
2024-01-07,4.05,1315.62,13.35,2.22,3.5
2024-01-08,4.01,1315.58,13.08,2.22,3.5
2024-01-09,4.02,1315.92,12.76,2.22,3.5
2024-01-10,4.04,1320.42,12.69,2.22,3.5
2024-01-11,3.98,1313.04,12.44,2.22,3.5
2024-01-12,3.96,1313.41,12.7,2.27,3.5
2024-01-13,3.96,1313.41,12.7,2.27,3.5
2024-01-14,3.96,1313.41,12.7,2.27,3.5
2024-01-15,3.96,1313.41,13.25,2.27,3.5
2024-01-16,4.07,1331.5,13.84,2.3,3.5
2024-01-17,4.1,1344.23,14.79,2.3,3.5
2024-01-18,4.14,1338.73,14.13,2.34,3.5
2024-01-19,4.15,1338.53,13.3,2.34,3.5
2024-01-20,4.15,1338.53,13.3,2.34,3.5
2024-01-21,4.15,1338.53,13.3,2.34,3.5
2024-01-22,4.11,1338.25,13.19,2.31,3.5
2024-01-23,4.14,1333.76,12.55,2.29,3.5
2024-01-24,4.18,1337.74,13.14,2.3,3.5
2024-01-25,4.14,1336.0,13.45,2.29,3.5
2024-01-26,4.15,1336.08,13.26,2.3,3.5
2024-01-27,4.15,1336.08,13.26,2.3,3.5
2024-01-28,4.15,1336.08,13.26,2.3,3.5
2024-01-29,4.08,1335.5,13.6,2.3,3.5
2024-01-30,4.06,1328.93,13.31,2.26,3.5
2024-01-31,3.99,1334.9,14.35,2.26,3.5
2024-02-01,3.87,1331.78,13.88,2.19,3.5
2024-02-02,4.03,1321.9,13.85,2.21,3.5
2024-02-03,4.03,1321.9,13.85,2.21,3.5
2024-02-04,4.03,1321.9,13.85,2.21,3.5
2024-02-05,4.17,1330.98,13.67,2.27,3.5
2024-02-06,4.09,1326.83,13.06,2.24,3.5
2024-02-07,4.09,1327.37,12.83,2.23,3.5
2024-02-08,4.15,1328.07,12.79,2.24,3.5
2024-02-09,4.17,1333.1,12.93,2.25,3.5
2024-02-10,4.17,1333.1,12.93,2.25,3.5
2024-02-11,4.17,1333.1,12.93,2.25,3.5
2024-02-12,4.17,1331.37,13.93,2.24,3.5
2024-02-13,4.31,1327.88,15.85,2.29,3.5
2024-02-14,4.27,1335.06,14.38,2.3,3.5
2024-02-15,4.24,1333.84,14.01,2.3,3.5
2024-02-16,4.3,1334.96,14.24,2.33,3.5
2024-02-17,4.3,1334.96,14.24,2.33,3.5
2024-02-18,4.3,1334.96,14.24,2.33,3.5
2024-02-19,4.3,1334.96,14.71,2.33,3.5
2024-02-20,4.27,1337.25,15.42,2.32,3.5
2024-02-21,4.32,1334.95,15.34,2.34,3.5
2024-02-22,4.33,1328.71,14.54,2.31,3.5
2024-02-23,4.26,1328.71,13.75,2.3,3.5
2024-02-24,4.26,1328.71,13.75,2.3,3.5
2024-02-25,4.26,1328.71,13.75,2.3,3.5
2024-02-26,4.28,1330.86,13.74,2.31,3.5
2024-02-27,4.31,1330.86,13.43,2.32,3.5
2024-02-28,4.27,1336.02,13.84,2.33,3.5
2024-02-29,4.25,1336.19,13.4,2.33,3.5
2024-03-01,4.19,1334.8,13.11,2.32,3.5
2024-03-02,4.19,1334.8,13.11,2.32,3.5
2024-03-03,4.19,1334.8,13.11,2.32,3.5
2024-03-04,4.22,1331.29,13.49,2.34,3.5
2024-03-05,4.13,1336.51,14.46,2.32,3.5
2024-03-06,4.11,1333.99,14.5,2.3,3.5
2024-03-07,4.09,1324.3,14.44,2.28,3.5
2024-03-08,4.09,1319.28,14.74,2.28,3.5
2024-03-09,4.09,1319.28,14.74,2.28,3.5
2024-03-10,4.09,1319.28,14.74,2.28,3.5
2024-03-11,4.1,1312.55,15.22,2.27,3.5
2024-03-12,4.16,1310.82,13.84,2.3,3.5
2024-03-13,4.19,1314.67,13.75,2.3,3.5
2024-03-14,4.29,1318.2,14.4,2.3,3.5
2024-03-15,4.31,1329.35,14.41,2.32,3.5
2024-03-16,4.31,1329.35,14.41,2.32,3.5
2024-03-17,4.31,1329.35,14.41,2.32,3.5
2024-03-18,4.34,1333.59,14.33,2.31,3.5
2024-03-19,4.3,1338.28,13.82,2.3,3.5
2024-03-20,4.27,1339.02,13.04,2.31,3.5
2024-03-21,4.27,1322.11,12.92,2.34,3.5
2024-03-22,4.22,1338.14,13.06,2.35,3.5
2024-03-23,4.22,1338.14,13.06,2.35,3.5
2024-03-24,4.22,1338.14,13.06,2.35,3.5
2024-03-25,4.25,1342.61,13.19,2.33,3.5
2024-03-26,4.24,1344.0,13.24,2.32,3.5
2024-03-27,4.2,1348.58,12.78,2.32,3.5
2024-03-28,4.2,1346.01,13.01,2.32,3.5
2024-03-29,4.2,1347.08,13.01,2.32,3.5
2024-03-30,4.2,1347.08,13.01,2.32,3.5
2024-03-31,4.2,1347.08,13.01,2.32,3.5
2024-04-01,4.33,1348.75,13.65,2.35,3.5
2024-04-02,4.36,1351.37,14.61,2.36,3.5
2024-04-03,4.36,1348.5,14.33,2.36,3.5
2024-04-04,4.31,1346.87,16.35,2.34,3.5
2024-04-05,4.39,1352.58,16.03,2.37,3.5
2024-04-06,4.39,1352.58,16.03,2.37,3.5
2024-04-07,4.39,1352.58,16.03,2.37,3.5
2024-04-08,4.42,1353.2,15.19,2.38,3.5
2024-04-09,4.36,1354.8,14.98,2.36,3.5
2024-04-10,4.55,1349.05,15.8,2.4,3.5
2024-04-11,4.56,1364.19,14.91,2.4,3.5
2024-04-12,4.5,1374.74,17.31,2.39,3.5
2024-04-13,4.5,1374.74,17.31,2.39,3.5
2024-04-14,4.5,1374.74,17.31,2.39,3.5
2024-04-15,4.63,1383.63,19.23,2.43,3.5
2024-04-16,4.67,1393.92,18.4,2.43,3.5
2024-04-17,4.59,1385.88,18.21,2.39,3.5
2024-04-18,4.64,1373.42,18.0,2.4,3.5
2024-04-19,4.62,1376.72,18.71,2.41,3.5
2024-04-20,4.62,1376.72,18.71,2.41,3.5
2024-04-21,4.62,1376.72,18.71,2.41,3.5
2024-04-22,4.62,1381.84,16.94,2.41,3.5
2024-04-23,4.61,1379.27,15.69,2.41,3.5
2024-04-24,4.65,1369.86,15.97,2.41,3.5
2024-04-25,4.7,1369.86,15.37,2.42,3.5
2024-04-26,4.67,1375.1,15.03,2.43,3.5
2024-04-27,4.67,1375.1,15.03,2.43,3.5
2024-04-28,4.67,1375.1,15.03,2.43,3.5
2024-04-29,4.63,1377.35,14.67,2.41,3.5
2024-04-30,4.69,1381.92,15.65,2.41,3.5
2024-05-01,4.63,1386.95,15.39,2.38,3.5
2024-05-02,4.58,1375.39,14.68,2.37,3.5
2024-05-03,4.5,1363.04,13.49,2.35,3.5
2024-05-04,4.5,1363.04,13.49,2.35,3.5
2024-05-05,4.5,1363.04,13.49,2.35,3.5
2024-05-06,4.49,1358.81,13.49,2.35,3.5
2024-05-07,4.47,1359.45,13.23,2.32,3.5
2024-05-08,4.48,1359.45,13.0,2.31,3.5
2024-05-09,4.45,1369.74,12.69,2.32,3.5
2024-05-10,4.5,1367.77,12.55,2.34,3.5
2024-05-11,4.5,1367.77,12.55,2.34,3.5
2024-05-12,4.5,1367.77,12.55,2.34,3.5
2024-05-13,4.48,1367.91,13.6,2.33,3.5
2024-05-14,4.45,1368.77,13.42,2.33,3.5
2024-05-15,4.36,1360.15,12.45,2.31,3.5
2024-05-16,4.38,1345.15,12.42,2.31,3.5
2024-05-17,4.42,1354.83,11.99,2.32,3.5
2024-05-18,4.42,1354.83,11.99,2.32,3.5
2024-05-19,4.42,1354.83,11.99,2.32,3.5
2024-05-20,4.44,1356.0,12.15,2.33,3.5
2024-05-21,4.41,1363.54,11.86,2.32,3.5
2024-05-22,4.43,1362.36,12.29,2.33,3.5
2024-05-23,4.47,1362.38,12.77,2.3,3.5
2024-05-24,4.46,1369.02,11.93,2.32,3.5
2024-05-25,4.46,1369.02,11.93,2.32,3.5
2024-05-26,4.46,1369.02,11.93,2.32,3.5
2024-05-27,4.46,1369.02,12.36,2.32,3.5
2024-05-28,4.54,1357.65,12.92,2.34,3.5
2024-05-29,4.61,1365.07,14.28,2.36,3.5
2024-05-30,4.55,1365.07,14.47,2.36,3.5
2024-05-31,4.51,1385.43,12.92,2.35,3.5
2024-06-01,4.51,1385.43,12.92,2.35,3.5
2024-06-02,4.51,1385.43,12.92,2.35,3.5
2024-06-03,4.41,1375.91,13.11,2.33,3.5
2024-06-04,4.33,1375.96,13.16,2.31,3.5
2024-06-05,4.29,1372.58,12.63,2.3,3.5
2024-06-06,4.28,1365.45,12.58,2.28,3.5
2024-06-07,4.43,1366.38,12.22,2.3,3.5
2024-06-08,4.43,1366.38,12.22,2.3,3.5
2024-06-09,4.43,1366.38,12.22,2.3,3.5
2024-06-10,4.47,1375.71,12.74,2.31,3.5
2024-06-11,4.39,1375.71,12.85,2.27,3.5
2024-06-12,4.31,1378.01,12.04,2.22,3.5
2024-06-13,4.24,1376.11,11.94,2.21,3.5
2024-06-14,4.2,1378.96,12.66,2.17,3.5
2024-06-15,4.2,1378.96,12.66,2.17,3.5
2024-06-16,4.2,1378.96,12.66,2.17,3.5
2024-06-17,4.28,1380.5,12.75,2.22,3.5
2024-06-18,4.22,1380.88,12.3,2.21,3.5
2024-06-19,4.22,1380.88,12.48,2.21,3.5
2024-06-20,4.25,1384.38,13.28,2.25,3.5
2024-06-21,4.25,1388.17,13.2,2.23,3.5
2024-06-22,4.25,1388.17,13.2,2.23,3.5
2024-06-23,4.25,1388.17,13.2,2.23,3.5
2024-06-24,4.25,1389.17,13.33,2.22,3.5
2024-06-25,4.23,1387.16,12.84,2.22,3.5
2024-06-26,4.32,1388.65,12.55,2.26,3.5
2024-06-27,4.29,1385.76,12.24,2.26,3.5
2024-06-28,4.36,1376.55,12.44,2.28,3.5
2024-06-29,4.36,1376.55,12.44,2.28,3.5
2024-06-30,4.36,1376.55,12.44,2.28,3.5
2024-07-01,4.48,1383.0,12.22,2.32,3.5
2024-07-02,4.43,1386.55,12.03,2.3,3.5
2024-07-03,4.36,1384.85,12.09,2.27,3.5
2024-07-04,4.36,1384.85,12.26,2.27,3.5
2024-07-05,4.28,1379.87,12.48,2.28,3.5
2024-07-06,4.28,1379.87,12.48,2.28,3.5
2024-07-07,4.28,1379.87,12.48,2.28,3.5
2024-07-08,4.28,1382.73,12.37,2.27,3.5
2024-07-09,4.3,1383.39,12.51,2.26,3.5
2024-07-10,4.28,1383.42,12.85,2.27,3.5
2024-07-11,4.2,1370.85,12.92,2.25,3.5
2024-07-12,4.18,1374.9,12.46,2.24,3.5
2024-07-13,4.18,1374.9,12.46,2.24,3.5
2024-07-14,4.18,1374.9,12.46,2.24,3.5
2024-07-15,4.23,1382.97,13.12,2.27,3.5
2024-07-16,4.17,1384.99,13.19,2.26,3.5
2024-07-17,4.16,1380.61,14.48,2.26,3.5
2024-07-18,4.2,1383.85,15.93,2.31,3.5
2024-07-19,4.25,1389.29,16.52,2.32,3.5
2024-07-20,4.25,1389.29,16.52,2.32,3.5
2024-07-21,4.25,1389.29,16.52,2.32,3.5
2024-07-22,4.26,1388.71,14.91,2.3,3.5
2024-07-23,4.25,1385.78,14.72,2.29,3.5
2024-07-24,4.28,1379.4,18.04,2.28,3.5
2024-07-25,4.27,1380.57,18.46,2.28,3.5
2024-07-26,4.2,1383.11,16.39,2.27,3.5
2024-07-27,4.2,1383.11,16.39,2.27,3.5
2024-07-28,4.2,1383.11,16.39,2.27,3.5
2024-07-29,4.17,1381.93,16.6,2.25,3.5
2024-07-30,4.15,1384.98,17.69,2.25,3.5
2024-07-31,4.09,1369.29,16.36,2.24,3.5
2024-08-01,3.99,1368.5,18.59,2.2,3.5
2024-08-02,3.8,1359.38,23.39,2.04,3.5
2024-08-03,3.8,1359.38,23.39,2.04,3.5
2024-08-04,3.8,1359.38,23.39,2.04,3.5
2024-08-05,3.78,1367.68,38.57,2.07,3.5
2024-08-06,3.9,1377.4,27.71,2.12,3.5
2024-08-07,3.96,1374.98,27.85,2.11,3.5
2024-08-08,3.99,1376.94,23.79,2.12,3.5
2024-08-09,3.94,1363.71,20.37,2.1,3.5
2024-08-10,3.94,1363.71,20.37,2.1,3.5
2024-08-11,3.94,1363.71,20.37,2.1,3.5
2024-08-12,3.9,1369.87,20.71,2.11,3.5
2024-08-13,3.85,1367.28,18.12,2.09,3.5
2024-08-14,3.83,1355.35,16.19,2.06,3.5
2024-08-15,3.92,1363.21,15.23,2.12,3.5
2024-08-16,3.89,1354.34,14.8,2.08,3.5
2024-08-17,3.89,1354.34,14.8,2.08,3.5
2024-08-18,3.89,1354.34,14.8,2.08,3.5
2024-08-19,3.86,1334.21,14.65,2.07,3.5
2024-08-20,3.82,1331.78,15.88,2.07,3.5
2024-08-21,3.79,1333.74,16.27,2.07,3.5
2024-08-22,3.86,1343.23,17.55,2.1,3.5
2024-08-23,3.81,1327.56,15.86,2.13,3.5
2024-08-24,3.81,1327.56,15.86,2.13,3.5
2024-08-25,3.81,1327.56,15.86,2.13,3.5
2024-08-26,3.82,1328.53,16.15,2.15,3.5
2024-08-27,3.83,1330.9,15.43,2.15,3.5
2024-08-28,3.84,1335.15,17.11,2.15,3.5
2024-08-29,3.87,1332.02,15.65,2.16,3.5
2024-08-30,3.91,1336.0,15.0,2.15,3.5
2024-08-31,3.91,1336.0,15.0,2.15,3.5
2024-09-01,3.91,1336.0,15.0,2.15,3.5
2024-09-02,3.91,1336.0,15.55,2.15,3.5
2024-09-03,3.84,1339.79,20.72,2.11,3.5
2024-09-04,3.77,1336.93,21.32,2.07,3.5
2024-09-05,3.73,1335.14,19.9,2.03,3.5
2024-09-06,3.72,1335.68,22.38,2.03,3.5
2024-09-07,3.72,1335.68,22.38,2.03,3.5
2024-09-08,3.72,1335.68,22.38,2.03,3.5
2024-09-09,3.7,1342.16,19.45,2.04,3.5
2024-09-10,3.65,1343.41,19.08,2.02,3.5
2024-09-11,3.65,1340.59,17.69,2.04,3.5
2024-09-12,3.68,1341.35,17.07,2.05,3.5
2024-09-13,3.66,1329.26,16.56,2.08,3.5
2024-09-14,3.66,1329.26,16.56,2.08,3.5
2024-09-15,3.66,1329.26,16.56,2.08,3.5
2024-09-16,3.63,1320.59,17.14,2.09,3.5
2024-09-17,3.65,1323.81,17.61,2.12,3.5
2024-09-18,3.7,1324.15,18.23,2.12,3.5
2024-09-19,3.73,1329.08,16.33,2.17,3.5
2024-09-20,3.73,1333.66,16.15,2.15,3.5
2024-09-21,3.73,1333.66,16.15,2.15,3.5
2024-09-22,3.73,1333.66,16.15,2.15,3.5
2024-09-23,3.75,1334.12,15.89,2.17,3.5
2024-09-24,3.74,1330.0,15.39,2.19,3.5
2024-09-25,3.79,1335.1,15.41,2.18,3.5
2024-09-26,3.79,1314.78,15.37,2.16,3.5
2024-09-27,3.75,1309.43,16.96,2.15,3.5
2024-09-28,3.75,1309.43,16.96,2.15,3.5
2024-09-29,3.75,1309.43,16.96,2.15,3.5
2024-09-30,3.81,1314.94,16.73,2.18,3.5
2024-10-01,3.74,1323.78,19.26,2.19,3.25
2024-10-02,3.79,1321.53,18.9,2.21,3.25
2024-10-03,3.85,1335.58,20.49,2.21,3.25
2024-10-04,3.98,1348.74,19.21,2.23,3.25
2024-10-05,3.98,1348.74,19.21,2.23,3.25
2024-10-06,3.98,1348.74,19.21,2.23,3.25
2024-10-07,4.03,1343.75,22.64,2.27,3.25
2024-10-08,4.04,1346.49,21.42,2.27,3.25
2024-10-09,4.06,1346.04,20.86,2.29,3.25
2024-10-10,4.09,1350.77,20.93,2.33,3.25
2024-10-11,4.08,1350.71,20.46,2.33,3.25
2024-10-12,4.08,1350.71,20.46,2.33,3.25
2024-10-13,4.08,1350.71,20.46,2.33,3.25
2024-10-14,4.08,1350.71,19.7,2.33,3.25
2024-10-15,4.03,1365.17,20.64,2.28,3.25
2024-10-16,4.02,1363.76,19.58,2.27,3.25
2024-10-17,4.09,1371.08,19.11,2.3,3.25
2024-10-18,4.08,1369.65,18.03,2.31,3.25
2024-10-19,4.08,1369.65,18.03,2.31,3.25
2024-10-20,4.08,1369.65,18.03,2.31,3.25
2024-10-21,4.19,1379.14,18.37,2.31,3.25
2024-10-22,4.2,1379.22,18.2,2.33,3.25
2024-10-23,4.24,1381.61,19.24,2.31,3.25
2024-10-24,4.21,1382.11,19.08,2.3,3.25
2024-10-25,4.25,1389.24,20.33,2.29,3.25
2024-10-26,4.25,1389.24,20.33,2.29,3.25
2024-10-27,4.25,1389.24,20.33,2.29,3.25
2024-10-28,4.28,1385.57,19.8,2.29,3.25
2024-10-29,4.28,1382.2,19.34,2.3,3.25
2024-10-30,4.29,1378.41,20.35,2.34,3.25
2024-10-31,4.28,1377.57,23.16,2.33,3.25
2024-11-01,4.37,1376.95,21.88,2.33,3.0
2024-11-02,4.37,1376.95,21.88,2.33,3.0
2024-11-03,4.37,1376.95,21.88,2.33,3.0
2024-11-04,4.31,1375.17,21.98,2.28,3.0
2024-11-05,4.26,1380.26,20.49,2.27,3.0
2024-11-06,4.42,1399.98,16.27,2.38,3.0
2024-11-07,4.31,1384.66,15.2,2.33,3.0
2024-11-08,4.3,1396.69,14.94,2.35,3.0
2024-11-09,4.3,1396.69,14.94,2.35,3.0
2024-11-10,4.3,1396.69,14.94,2.35,3.0
2024-11-11,4.3,1396.69,14.97,2.35,3.0
2024-11-12,4.43,1408.28,14.71,2.35,3.0
2024-11-13,4.44,1404.24,14.02,2.35,3.0
2024-11-14,4.43,1402.77,14.31,2.33,3.0
2024-11-15,4.43,1397.42,16.14,2.33,3.0
2024-11-16,4.43,1397.42,16.14,2.33,3.0
2024-11-17,4.43,1397.42,16.14,2.33,3.0
2024-11-18,4.42,1394.28,15.58,2.34,3.0
2024-11-19,4.39,1392.83,16.35,2.34,3.0
2024-11-20,4.41,1399.51,17.16,2.35,3.0
2024-11-21,4.43,1401.0,16.87,2.34,3.0
2024-11-22,4.41,1405.49,15.24,2.34,3.0
2024-11-23,4.41,1405.49,15.24,2.34,3.0
2024-11-24,4.41,1405.49,15.24,2.34,3.0
2024-11-25,4.27,1401.03,14.6,2.29,3.0
2024-11-26,4.3,1396.69,14.1,2.28,3.0
2024-11-27,4.25,1391.14,14.1,2.26,3.0
2024-11-28,4.25,1391.14,13.9,2.26,3.0
2024-11-29,4.18,1396.99,13.51,2.26,3.0
2024-11-30,4.18,1396.99,13.51,2.26,3.0
2024-12-01,4.18,1396.99,13.51,2.26,3.0
2024-12-02,4.19,1406.13,13.34,2.26,3.0
2024-12-03,4.23,1427.83,13.3,2.28,3.0
2024-12-04,4.19,1412.16,13.45,2.29,3.0
2024-12-05,4.17,1415.88,13.54,2.25,3.0
2024-12-06,4.15,1422.4,12.77,2.24,3.0
2024-12-07,4.15,1422.4,12.77,2.24,3.0
2024-12-08,4.15,1422.4,12.77,2.24,3.0
2024-12-09,4.2,1430.05,14.19,2.27,3.0
2024-12-10,4.22,1432.6,14.18,2.29,3.0
2024-12-11,4.26,1428.5,13.58,2.3,3.0
2024-12-12,4.32,1429.47,13.92,2.32,3.0
2024-12-13,4.4,1434.82,13.81,2.33,3.0
2024-12-14,4.4,1434.82,13.81,2.33,3.0
2024-12-15,4.4,1434.82,13.81,2.33,3.0
2024-12-16,4.39,1437.86,14.69,2.32,3.0
2024-12-17,4.4,1436.16,15.87,2.31,3.0
2024-12-18,4.5,1438.13,27.62,2.32,3.0
2024-12-19,4.57,1446.06,24.09,2.29,3.0
2024-12-20,4.52,1444.52,18.36,2.29,3.0
2024-12-21,4.52,1444.52,18.36,2.29,3.0
2024-12-22,4.52,1444.52,18.36,2.29,3.0
2024-12-23,4.59,1451.76,16.78,2.32,3.0
2024-12-24,4.59,1457.36,14.27,2.35,3.0
2024-12-25,4.59,1457.36,14.27,2.35,3.0
2024-12-26,4.58,1467.66,14.73,2.35,3.0
2024-12-27,4.62,1470.4,15.95,2.34,3.0
2024-12-28,4.62,1470.4,15.95,2.34,3.0
2024-12-29,4.62,1470.4,15.95,2.34,3.0
2024-12-30,4.55,1472.32,17.4,2.31,3.0
2024-12-31,4.58,1477.86,17.35,2.34,3.0
2025-01-01,4.58,1477.86,17.35,2.34,3.0
2025-01-02,4.57,1472.52,17.93,2.34,3.0
2025-01-03,4.6,1470.0,16.13,2.34,3.0
2025-01-04,4.6,1470.0,16.13,2.34,3.0
2025-01-05,4.6,1470.0,16.13,2.34,3.0
2025-01-06,4.62,1459.94,16.04,2.34,3.0
2025-01-07,4.67,1452.42,17.82,2.38,3.0
2025-01-08,4.67,1459.85,17.7,2.4,3.0
2025-01-09,4.68,1459.23,18.07,2.39,3.0
2025-01-10,4.77,1473.36,19.54,2.43,3.0
2025-01-11,4.77,1473.36,19.54,2.43,3.0
2025-01-12,4.77,1473.36,19.54,2.43,3.0
2025-01-13,4.79,1466.87,19.19,2.45,3.0
2025-01-14,4.78,1459.5,18.71,2.44,3.0
2025-01-15,4.66,1456.5,16.12,2.42,3.0
2025-01-16,4.61,1456.16,16.6,2.42,3.0
2025-01-17,4.61,1457.04,15.97,2.41,3.0
2025-01-18,4.61,1457.04,15.97,2.41,3.0
2025-01-19,4.61,1457.04,15.97,2.41,3.0
2025-01-20,4.61,1457.04,15.81,2.41,3.0
2025-01-21,4.57,1435.29,15.06,2.38,3.0
2025-01-22,4.6,1435.77,15.1,2.4,3.0
2025-01-23,4.65,1434.29,15.02,2.42,3.0
2025-01-24,4.63,1429.17,14.85,2.43,3.0
2025-01-25,4.63,1429.17,14.85,2.43,3.0
2025-01-26,4.63,1429.17,14.85,2.43,3.0
2025-01-27,4.53,1433.83,17.9,2.4,3.0
2025-01-28,4.55,1446.42,16.41,2.42,3.0
2025-01-29,4.55,1441.85,16.56,2.4,3.0
2025-01-30,4.52,1442.16,15.84,2.38,3.0
2025-01-31,4.58,1453.86,16.43,2.42,3.0
2025-02-01,4.58,1453.86,16.43,2.42,2.75
2025-02-02,4.58,1453.86,16.43,2.42,2.75
2025-02-03,4.54,1461.21,18.62,2.45,2.75
2025-02-04,4.52,1451.02,17.21,2.44,2.75
2025-02-05,4.43,1442.37,15.77,2.42,2.75
2025-02-06,4.45,1447.05,15.5,2.42,2.75
2025-02-07,4.49,1453.97,16.54,2.42,2.75
2025-02-08,4.49,1453.97,16.54,2.42,2.75
2025-02-09,4.49,1453.97,16.54,2.42,2.75
2025-02-10,4.51,1451.0,15.81,2.44,2.75
2025-02-11,4.54,1452.31,16.02,2.46,2.75
2025-02-12,4.62,1453.49,15.89,2.46,2.75
2025-02-13,4.52,1446.95,15.1,2.44,2.75
2025-02-14,4.47,1439.89,14.77,2.43,2.75
2025-02-15,4.47,1439.89,14.77,2.43,2.75
2025-02-16,4.47,1439.89,14.77,2.43,2.75
2025-02-17,4.47,1439.89,15.37,2.43,2.75
2025-02-18,4.55,1438.83,15.35,2.45,2.75
2025-02-19,4.53,1441.06,15.27,2.45,2.75
2025-02-20,4.5,1434.71,15.66,2.45,2.75
2025-02-21,4.42,1434.06,18.21,2.42,2.75
2025-02-22,4.42,1434.06,18.21,2.42,2.75
2025-02-23,4.42,1434.06,18.21,2.42,2.75
2025-02-24,4.4,1429.77,18.98,2.42,2.75
2025-02-25,4.3,1433.79,19.43,2.38,2.75
2025-02-26,4.25,1433.2,19.1,2.36,2.75
2025-02-27,4.29,1447.35,21.13,2.37,2.75
2025-02-28,4.24,1459.04,19.63,2.38,2.75
2025-03-01,4.24,1459.04,19.63,2.38,2.75
2025-03-02,4.24,1459.04,19.63,2.38,2.75
2025-03-03,4.16,1456.49,22.78,2.36,2.75
2025-03-04,4.22,1458.46,23.51,2.35,2.75
2025-03-05,4.28,1445.21,21.93,2.34,2.75
2025-03-06,4.29,1447.34,24.87,2.34,2.75
2025-03-07,4.32,1449.3,23.37,2.33,2.75
2025-03-08,4.32,1449.3,23.37,2.33,2.75
2025-03-09,4.32,1449.3,23.37,2.33,2.75
2025-03-10,4.22,1456.74,27.86,2.31,2.75
2025-03-11,4.28,1453.07,26.92,2.31,2.75
2025-03-12,4.32,1451.7,24.23,2.33,2.75
2025-03-13,4.27,1455.76,24.66,2.29,2.75
2025-03-14,4.31,1451.76,21.77,2.3,2.75
2025-03-15,4.31,1451.76,21.77,2.3,2.75
2025-03-16,4.31,1451.76,21.77,2.3,2.75
2025-03-17,4.31,1444.71,20.51,2.29,2.75
2025-03-18,4.29,1451.28,21.7,2.3,2.75
2025-03-19,4.25,1462.15,19.9,2.31,2.75
2025-03-20,4.24,1467.77,19.8,2.31,2.75
2025-03-21,4.25,1466.49,19.28,2.33,2.75
2025-03-22,4.25,1466.49,19.28,2.33,2.75
2025-03-23,4.25,1466.49,19.28,2.33,2.75
2025-03-24,4.34,1466.91,17.48,2.36,2.75
2025-03-25,4.31,1465.32,17.15,2.35,2.75
2025-03-26,4.35,1467.25,18.33,2.37,2.75
2025-03-27,4.38,1463.9,18.69,2.39,2.75
2025-03-28,4.27,1469.2,21.65,2.37,2.75
2025-03-29,4.27,1469.2,21.65,2.37,2.75
2025-03-30,4.27,1469.2,21.65,2.37,2.75
2025-03-31,4.23,1474.44,22.28,2.38,2.75
2025-04-01,4.17,1471.0,21.77,2.33,2.75
2025-04-02,4.2,1462.06,21.51,2.32,2.75
2025-04-03,4.06,1450.55,30.02,2.28,2.75
2025-04-04,4.01,1457.76,45.31,2.18,2.75
2025-04-05,4.01,1457.76,45.31,2.18,2.75
2025-04-06,4.01,1457.76,45.31,2.18,2.75
2025-04-07,4.15,1470.22,46.98,2.19,2.75
2025-04-08,4.26,1477.97,52.33,2.22,2.75
2025-04-09,4.34,1472.75,33.62,2.27,2.75
2025-04-10,4.4,1450.37,40.72,2.19,2.75
2025-04-11,4.48,1418.79,37.56,2.2,2.75
2025-04-12,4.48,1418.79,37.56,2.2,2.75
2025-04-13,4.48,1418.79,37.56,2.2,2.75
2025-04-14,4.38,1422.56,30.89,2.23,2.75
2025-04-15,4.35,1427.16,30.12,2.19,2.75
2025-04-16,4.29,1415.24,32.64,2.17,2.75
2025-04-17,4.34,1416.1,29.65,2.23,2.75
2025-04-18,4.34,1423.49,29.65,2.23,2.75
2025-04-19,4.34,1423.49,29.65,2.23,2.75
2025-04-20,4.34,1423.49,29.65,2.23,2.75
2025-04-21,4.42,1420.52,33.82,2.22,2.75
2025-04-22,4.41,1425.0,30.57,2.27,2.75
2025-04-23,4.4,1425.88,28.45,2.29,2.75
2025-04-24,4.32,1432.97,26.47,2.3,2.75
2025-04-25,4.29,1440.72,24.84,2.27,2.75
2025-04-26,4.29,1440.72,24.84,2.27,2.75
2025-04-27,4.29,1440.72,24.84,2.27,2.75
2025-04-28,4.23,1436.31,25.15,2.25,2.75
2025-04-29,4.19,1432.01,24.17,2.23,2.75
2025-04-30,4.17,1425.68,24.7,2.23,2.75
2025-05-01,4.25,1437.58,24.6,2.25,2.5
2025-05-02,4.33,1398.89,22.68,2.27,2.5
2025-05-03,4.33,1398.89,22.68,2.27,2.5
2025-05-04,4.33,1398.89,22.68,2.27,2.5
2025-05-05,4.36,1375.11,23.64,2.28,2.5
2025-05-06,4.3,1377.15,24.76,2.26,2.5
2025-05-07,4.26,1391.86,23.55,2.25,2.5
2025-05-08,4.37,1403.61,22.48,2.29,2.5
2025-05-09,4.37,1398.51,21.9,2.29,2.5
2025-05-10,4.37,1398.51,21.9,2.29,2.5
2025-05-11,4.37,1398.51,21.9,2.29,2.5
2025-05-12,4.45,1417.77,18.39,2.29,2.5
2025-05-13,4.49,1418.65,18.22,2.32,2.5
2025-05-14,4.53,1398.83,18.62,2.37,2.5
2025-05-15,4.45,1397.65,17.83,2.34,2.5
2025-05-16,4.43,1401.19,17.24,2.34,2.5
2025-05-17,4.43,1401.19,17.24,2.34,2.5
2025-05-18,4.43,1401.19,17.24,2.34,2.5
2025-05-19,4.46,1388.48,18.14,2.36,2.5
2025-05-20,4.48,1393.36,18.09,2.35,2.5
2025-05-21,4.58,1371.64,20.87,2.35,2.5
2025-05-22,4.54,1381.55,20.28,2.34,2.5
2025-05-23,4.51,1365.03,22.29,2.33,2.5
2025-05-24,4.51,1365.03,22.29,2.33,2.5
2025-05-25,4.51,1365.03,22.29,2.33,2.5
2025-05-26,4.51,1365.03,20.57,2.33,2.5
2025-05-27,4.43,1375.85,18.96,2.32,2.5
2025-05-28,4.47,1374.6,19.31,2.32,2.5
2025-05-29,4.43,1371.75,19.18,2.32,2.5
2025-05-30,4.41,1381.13,18.57,2.34,2.5
2025-05-31,4.41,1381.13,18.57,2.34,2.5
2025-06-01,4.41,1381.13,18.57,2.34,2.5
2025-06-02,4.46,1376.42,18.36,2.33,2.5
2025-06-03,4.46,1378.45,17.69,2.32,2.5
2025-06-04,4.37,1364.16,17.61,2.31,2.5
2025-06-05,4.4,1355.97,18.48,2.29,2.5
2025-06-06,4.51,1360.28,16.77,2.31,2.5
2025-06-07,4.51,1360.28,16.77,2.31,2.5
2025-06-08,4.51,1360.28,16.77,2.31,2.5
2025-06-09,4.49,1354.99,17.16,2.31,2.5
2025-06-10,4.47,1367.55,16.95,2.29,2.5
2025-06-11,4.41,1368.29,17.26,2.27,2.5
2025-06-12,4.36,1356.47,18.02,2.25,2.5
2025-06-13,4.41,1364.93,20.82,2.28,2.5
2025-06-14,4.41,1364.93,20.82,2.28,2.5
2025-06-15,4.41,1364.93,20.82,2.28,2.5
2025-06-16,4.46,1357.55,19.11,2.3,2.5
2025-06-17,4.39,1370.29,21.6,2.31,2.5
2025-06-18,4.38,1372.11,20.14,2.31,2.5
2025-06-19,4.38,1372.11,22.17,2.31,2.5
2025-06-20,4.38,1372.45,20.62,2.33,2.5
2025-06-21,4.38,1372.45,20.62,2.33,2.5
2025-06-22,4.38,1372.45,20.62,2.33,2.5
2025-06-23,4.34,1382.61,19.83,2.3,2.5
2025-06-24,4.3,1359.0,17.48,2.29,2.5
2025-06-25,4.29,1362.17,16.76,2.28,2.5
2025-06-26,4.26,1355.64,16.59,2.28,2.5
2025-06-27,4.29,1360.72,16.32,2.29,2.5
2025-06-28,4.29,1360.72,16.32,2.29,2.5
2025-06-29,4.29,1360.72,16.32,2.29,2.5
2025-06-30,4.24,1353.5,16.73,2.29,2.5
2025-07-01,4.26,1358.06,16.83,2.29,2.5
2025-07-02,4.3,1356.9,16.64,2.3,2.5
2025-07-03,4.35,1364.65,16.38,2.33,2.5
2025-07-04,4.35,1364.65,17.48,2.33,2.5
2025-07-05,4.35,1364.65,17.48,2.33,2.5
2025-07-06,4.35,1364.65,17.48,2.33,2.5
2025-07-07,4.4,1369.6,17.79,2.35,2.5
2025-07-08,4.42,1372.74,16.81,2.35,2.5
2025-07-09,4.34,1375.04,15.94,2.33,2.5
2025-07-10,4.35,1373.37,15.78,2.34,2.5
2025-07-11,4.43,1375.37,16.4,2.37,2.5
2025-07-12,4.43,1375.37,16.4,2.37,2.5
2025-07-13,4.43,1375.37,16.4,2.37,2.5
2025-07-14,4.43,1382.51,17.2,2.39,2.5
2025-07-15,4.5,1385.39,17.38,2.41,2.5
2025-07-16,4.46,1390.84,17.16,2.41,2.5
2025-07-17,4.47,1391.04,16.52,2.43,2.5
2025-07-18,4.44,1390.29,16.41,2.41,2.5
2025-07-19,4.44,1390.29,16.41,2.41,2.5
2025-07-20,4.44,1390.29,16.41,2.41,2.5
2025-07-21,4.38,1381.22,16.65,2.4,2.5
2025-07-22,4.35,1381.58,16.5,2.39,2.5
2025-07-23,4.4,1375.38,15.37,2.37,2.5
2025-07-24,4.43,1371.0,15.39,2.45,2.5
2025-07-25,4.4,1382.92,14.93,2.44,2.5
2025-07-26,4.4,1382.92,14.93,2.44,2.5
2025-07-27,4.4,1382.92,14.93,2.44,2.5
2025-07-28,4.42,1388.21,15.03,2.44,2.5
2025-07-29,4.34,1390.63,15.98,2.43,2.5
2025-07-30,4.38,1391.58,15.48,2.42,2.5
2025-07-31,4.37,1396.19,16.72,2.39,2.5
2025-08-01,4.23,1388.34,20.38,2.33,2.5
2025-08-02,4.23,1388.34,20.38,2.33,2.5
2025-08-03,4.23,1388.34,20.38,2.33,2.5
2025-08-04,4.22,1385.71,17.52,2.37,2.5
2025-08-05,4.22,1386.64,17.85,2.36,2.5
2025-08-06,4.22,1384.64,16.77,2.34,2.5
2025-08-07,4.23,1386.05,16.57,2.35,2.5
2025-08-08,4.27,1389.7,15.15,2.39,2.5
2025-08-09,4.27,1389.7,15.15,2.39,2.5
2025-08-10,4.27,1389.7,15.15,2.39,2.5
2025-08-11,4.27,1392.74,16.25,2.4,2.5
2025-08-12,4.29,1385.4,14.73,2.38,2.5
2025-08-13,4.24,1378.9,14.49,2.37,2.5
2025-08-14,4.29,1390.59,14.83,2.39,2.5
2025-08-15,4.33,1387.87,15.09,2.38,2.5
2025-08-16,4.33,1387.87,15.09,2.38,2.5
2025-08-17,4.33,1387.87,15.09,2.38,2.5
2025-08-18,4.34,1387.34,14.99,2.38,2.5
2025-08-19,4.3,1392.04,15.57,2.35,2.5
2025-08-20,4.29,1397.7,15.69,2.35,2.5
2025-08-21,4.33,1401.88,16.6,2.39,2.5
2025-08-22,4.26,1381.71,14.22,2.41,2.5
2025-08-23,4.26,1381.71,14.22,2.41,2.5
2025-08-24,4.26,1381.71,14.22,2.41,2.5
2025-08-25,4.28,1389.06,14.79,2.41,2.5
2025-08-26,4.26,1393.52,14.62,2.42,2.5
2025-08-27,4.24,1394.54,14.85,2.43,2.5
2025-08-28,4.22,1384.85,14.43,2.41,2.5
2025-08-29,4.23,1389.76,15.36,2.41,2.5
2025-08-30,4.23,1389.76,15.36,2.41,2.5
2025-08-31,4.23,1389.76,15.36,2.41,2.5
2025-09-01,4.23,1389.76,16.12,2.41,2.5
2025-09-02,4.28,1394.76,17.17,2.41,2.5
2025-09-03,4.22,1389.21,16.35,2.4,2.5
2025-09-04,4.17,1394.8,15.3,2.38,2.5
2025-09-05,4.1,1385.28,15.18,2.37,2.5
2025-09-06,4.1,1385.28,15.18,2.37,2.5
2025-09-07,4.1,1385.28,15.18,2.37,2.5
2025-09-08,4.05,1386.29,15.11,2.35,2.5
2025-09-09,4.08,1388.16,15.04,2.36,2.5
2025-09-10,4.04,1386.97,15.35,2.35,2.5
2025-09-11,4.01,1388.97,14.71,2.34,2.5
2025-09-12,4.06,1394.06,14.76,2.36,2.5
2025-09-13,4.06,1394.06,14.76,2.36,2.5
2025-09-14,4.06,1394.06,14.76,2.36,2.5
2025-09-15,4.05,1385.09,15.69,2.37,2.5
2025-09-16,4.04,1381.49,16.36,2.37,2.5
2025-09-17,4.06,1375.5,15.72,2.38,2.5
2025-09-18,4.11,1388.51,15.7,2.38,2.5
2025-09-19,4.14,1397.43,15.45,2.39,2.5
2025-09-20,4.14,1397.43,15.45,2.39,2.5
2025-09-21,4.14,1397.43,15.45,2.39,2.5
2025-09-22,4.15,1392.4,16.1,2.37,2.5
2025-09-23,4.12,1394.28,16.64,2.37,2.5
2025-09-24,4.16,1404.7,16.18,2.38,2.5
2025-09-25,4.18,1408.67,16.74,2.38,2.5
2025-09-26,4.2,1410.05,15.29,2.38,2.5
2025-09-27,4.2,1410.05,15.29,2.38,2.5
2025-09-28,4.2,1410.05,15.29,2.38,2.5
2025-09-29,4.15,1399.76,16.12,2.35,2.5
2025-09-30,4.16,1404.63,16.28,2.36,2.5
2025-10-01,4.12,1402.45,16.29,2.35,2.5
2025-10-02,4.1,1406.72,16.63,2.34,2.5
2025-10-03,4.13,1406.16,16.65,2.33,2.5
2025-10-04,4.13,1406.16,16.65,2.33,2.5
2025-10-05,4.13,1406.16,16.65,2.33,2.5
2025-10-06,4.18,1410.47,16.37,2.34,2.5
2025-10-07,4.14,1413.12,17.24,2.35,2.5
2025-10-08,4.13,1424.17,16.3,2.35,2.5
2025-10-09,4.14,1423.68,16.43,2.34,2.5
2025-10-10,4.05,1428.39,21.66,2.3,2.5
2025-10-11,4.05,1428.39,21.66,2.3,2.5
2025-10-12,4.05,1428.39,21.66,2.3,2.5
2025-10-13,4.05,1428.39,19.03,2.3,2.5
2025-10-14,4.03,1429.91,20.81,2.3,2.5
2025-10-15,4.05,1423.12,20.64,2.29,2.5
2025-10-16,3.99,1416.07,25.31,2.28,2.5
2025-10-17,4.02,1421.89,20.78,2.27,2.5
2025-10-18,4.02,1421.89,20.78,2.27,2.5
2025-10-19,4.02,1421.89,20.78,2.27,2.5
2025-10-20,4.0,1420.39,18.23,2.26,2.5
2025-10-21,3.98,1430.58,17.87,2.28,2.5
2025-10-22,3.97,1429.94,18.6,2.29,2.5
2025-10-23,4.01,1437.25,17.3,2.3,2.5
2025-10-24,4.02,1438.35,16.37,2.29,2.5
2025-10-25,4.02,1438.35,16.37,2.29,2.5
2025-10-26,4.02,1438.35,16.37,2.29,2.5
2025-10-27,4.01,1432.72,15.79,2.28,2.5
2025-10-28,3.99,1432.72,16.42,2.28,2.5
2025-10-29,4.08,1420.83,16.92,2.3,2.5
2025-10-30,4.11,1430.45,16.91,2.29,2.5
2025-10-31,4.11,1428.37,17.44,2.3,2.5
2025-11-01,4.11,1428.37,17.44,2.3,2.5
2025-11-02,4.11,1428.37,17.44,2.3,2.5
2025-11-03,4.13,1430.65,17.17,2.31,2.5
2025-11-04,4.1,1440.22,19.0,2.29,2.5
2025-11-05,4.17,1440.95,18.01,2.3,2.5
2025-11-06,4.11,1449.28,19.5,2.28,2.5
2025-11-07,4.11,1461.07,19.08,2.28,2.5
2025-11-08,4.11,1461.07,19.08,2.28,2.5
2025-11-09,4.11,1461.07,19.08,2.28,2.5
2025-11-10,4.13,1456.34,17.6,2.29,2.5
2025-11-11,4.13,1456.34,17.28,2.29,2.5
2025-11-12,4.08,1468.6,17.51,2.27,2.5
2025-11-13,4.11,1465.32,20.0,2.28,2.5
2025-11-14,4.14,1453.2,19.83,2.28,2.5
2025-11-15,4.14,1453.2,19.83,2.28,2.5
2025-11-16,4.14,1453.2,19.83,2.28,2.5
2025-11-17,4.13,1459.71,22.38,2.28,2.5
2025-11-18,4.12,1461.3,24.69,2.27,2.5
2025-11-19,4.13,1467.69,23.66,2.27,2.5
2025-11-20,4.1,1472.65,26.42,2.24,2.5
2025-11-21,4.06,1470.84,23.43,2.24,2.5
2025-11-22,4.06,1470.84,23.43,2.24,2.5
2025-11-23,4.06,1470.84,23.43,2.24,2.5
2025-11-24,4.04,1475.94,20.52,2.23,2.5
2025-11-25,4.01,1468.02,18.56,2.22,2.5
2025-11-26,4.0,1468.39,17.19,2.23,2.5
2025-11-27,4.0,1468.39,17.21,2.23,2.5
2025-11-28,4.02,1467.65,16.35,2.23,2.5
2025-11-29,4.02,1467.65,16.35,2.23,2.5
2025-11-30,4.02,1467.65,16.35,2.23,2.5
2025-12-01,4.09,1467.79,17.24,2.24,2.5
2025-12-02,4.09,1469.23,16.59,2.24,2.5
2025-12-03,4.06,1465.94,16.08,2.24,2.5
2025-12-04,4.11,1473.22,15.78,2.26,2.5
2025-12-05,4.14,1472.83,15.41,2.26,2.5
2025-12-06,4.14,1472.83,15.41,2.26,2.5
2025-12-07,4.14,1472.83,15.41,2.26,2.5
2025-12-08,4.17,1469.19,16.66,2.26,2.5
2025-12-09,4.18,1469.48,16.93,2.26,2.5
2025-12-10,4.13,1470.2,15.77,2.25,2.5
2025-12-11,4.14,1471.38,14.85,2.25,2.5
2025-12-12,4.19,1477.72,15.74,2.26,2.5
2025-12-13,4.19,1477.72,15.74,2.26,2.5
2025-12-14,4.19,1477.72,15.74,2.26,2.5
2025-12-15,4.18,1468.62,16.5,2.25,2.5
2025-12-16,4.15,1472.48,16.48,2.23,2.5
2025-12-17,4.16,1475.05,17.62,2.24,2.5
2025-12-18,4.12,1473.21,16.87,2.24,2.5
2025-12-19,4.16,1477.26,14.91,2.24,2.5
2025-12-20,4.16,1477.26,14.91,2.24,2.5
2025-12-21,4.16,1477.26,14.91,2.24,2.5
2025-12-22,4.17,1480.13,14.08,2.23,2.5
2025-12-23,4.18,1481.45,14.0,2.24,2.5
2025-12-24,4.15,1443.62,13.47,2.24,2.5
2025-12-25,4.15,1443.62,13.47,2.24,2.5
2025-12-26,4.14,1441.16,13.6,2.23,2.5
2025-12-27,4.14,1441.16,13.6,2.23,2.5
2025-12-28,4.14,1441.16,13.6,2.23,2.5
2025-12-29,4.12,1433.88,14.2,2.22,2.5
2025-12-30,4.14,1439.42,14.33,2.24,2.5
2025-12-31,4.18,1444.55,14.95,2.25,2.5
2026-01-01,4.18,1444.55,14.95,2.25,2.5
2026-01-02,4.19,1444.45,14.51,2.25,2.5
2026-01-03,4.19,1444.45,14.51,2.25,2.5
2026-01-04,4.19,1444.45,14.51,2.25,2.5
2026-01-05,4.17,1444.88,14.9,2.26,2.5
2026-01-06,4.18,1446.93,14.75,2.27,2.5
2026-01-07,4.15,1447.45,15.38,2.27,2.5
2026-01-08,4.19,1452.15,15.45,2.27,2.5
2026-01-09,4.18,1458.61,14.49,2.28,2.5
2026-01-10,4.18,1458.61,14.49,2.28,2.5
2026-01-11,4.18,1458.61,14.49,2.28,2.5
2026-01-12,4.19,1467.08,15.12,2.29,2.5
2026-01-13,4.18,1475.78,15.98,2.3,2.5
2026-01-14,4.15,1464.29,16.75,2.29,2.5
2026-01-15,4.17,1469.39,15.84,2.29,2.5
2026-01-16,4.24,1474.05,15.86,2.33,2.5
2026-01-17,4.24,1474.05,15.86,2.33,2.5
2026-01-18,4.24,1474.05,15.86,2.33,2.5
2026-01-19,4.24,1474.05,18.84,2.33,2.5
2026-01-20,4.3,1478.33,20.09,2.33,2.5
2026-01-21,4.26,1465.95,16.9,2.34,2.5
2026-01-22,4.26,1464.34,15.64,2.31,2.5
2026-01-23,4.24,1462.89,16.09,2.32,2.5
2026-01-24,4.24,1462.89,16.09,2.32,2.5
2026-01-25,4.24,1462.89,16.09,2.32,2.5
2026-01-26,4.22,1441.49,16.15,2.32,2.5
2026-01-27,4.24,1437.45,16.35,2.34,2.5
2026-01-28,4.26,1436.06,16.35,2.36,2.5
2026-01-29,4.24,1433.84,16.88,2.35,2.5
2026-01-30,4.26,1444.51,17.44,2.36,2.5
2026-01-31,4.26,1444.51,17.44,2.36,2.5
2026-02-01,4.26,1444.51,17.44,2.36,2.5
2026-02-02,4.29,1452.03,16.34,2.35,2.5
2026-02-03,4.28,1447.7,18.0,2.36,2.5
2026-02-04,4.29,1459.24,18.64,2.35,2.5
2026-02-05,4.21,1463.13,21.77,2.32,2.5
2026-02-06,4.22,1462.75,17.76,2.34,2.5
2026-02-07,4.22,1462.75,17.76,2.34,2.5
2026-02-08,4.22,1462.75,17.76,2.34,2.5
2026-02-09,4.22,1458.12,17.36,2.35,2.5
2026-02-10,4.16,1456.82,17.79,2.32,2.5
2026-02-11,4.18,1446.96,17.65,2.32,2.5
2026-02-12,4.09,1439.8,20.82,2.29,2.5
2026-02-13,4.04,1442.9,20.6,2.27,2.5
2026-02-14,4.04,1442.9,20.6,2.27,2.5
2026-02-15,4.04,1442.9,20.6,2.27,2.5
2026-02-16,4.04,1442.9,21.2,2.27,2.5
2026-02-17,4.05,1444.43,20.29,2.26,2.5
2026-02-18,4.09,1445.15,19.62,2.29,2.5
2026-02-19,4.08,1450.1,20.23,2.29,2.5
2026-02-20,4.08,1445.97,19.09,2.28,2.5
2026-02-21,4.08,1445.97,19.09,2.28,2.5
2026-02-22,4.08,1445.97,19.09,2.28,2.5
2026-02-23,4.03,1442.62,21.01,2.26,2.5
2026-02-24,4.04,1440.45,19.55,2.26,2.5
2026-02-25,4.05,1427.12,17.93,2.28,2.5
2026-02-26,4.02,1433.32,18.63,2.28,2.5
2026-02-27,3.97,1439.82,19.86,2.25,2.5
2026-02-28,3.97,1439.82,19.86,2.25,2.5
2026-03-01,3.97,1439.82,19.86,2.25,2.5
2026-03-02,4.05,1439.8,21.44,2.29,2.5
2026-03-03,4.06,1485.6,23.57,2.29,2.5
2026-03-04,4.09,1462.7,21.15,2.29,2.5
2026-03-05,4.13,1483.36,23.75,2.31,2.5
2026-03-06,4.15,1482.98,29.49,2.35,2.5
2026-03-07,4.15,1482.98,29.49,2.35,2.5
2026-03-08,4.15,1482.98,29.49,2.35,2.5
2026-03-09,4.12,1478.15,25.5,2.34,2.5
2026-03-10,4.15,1465.29,24.93,2.33,2.5
2026-03-11,4.21,1474.94,24.23,2.36,2.5
2026-03-12,4.27,1491.81,27.29,2.38,2.5
2026-03-13,4.28,1498.88,27.19,2.36,2.5
2026-03-14,4.28,1498.88,27.19,2.36,2.5
2026-03-15,4.28,1498.88,27.19,2.36,2.5
2026-03-16,4.23,1493.01,23.51,2.36,2.5
2026-03-17,4.2,1488.68,22.37,2.37,2.5
2026-03-18,4.26,1500.19,25.09,2.4,2.5
2026-03-19,4.25,1495.88,24.06,2.37,2.5
2026-03-20,4.39,1504.15,26.78,2.38,2.5
2026-03-21,4.39,1504.15,26.78,2.38,2.5
2026-03-22,4.39,1504.15,26.78,2.38,2.5
2026-03-23,4.34,1492.07,26.15,2.33,2.5
2026-03-24,4.39,1496.95,26.95,2.33,2.5
2026-03-25,4.33,1500.32,25.33,2.31,2.5
2026-03-26,4.42,1504.57,27.44,2.34,2.5
2026-03-27,4.44,1509.86,31.05,2.31,2.5
2026-03-28,4.44,1509.86,31.05,2.31,2.5
2026-03-29,4.44,1509.86,31.05,2.31,2.5
2026-03-30,4.35,1518.7,30.61,2.31,2.5
2026-03-31,4.3,1523.5,25.25,2.3,2.5
2026-04-01,4.33,1511.31,24.54,2.31,2.5
2026-04-02,4.31,1509.54,23.87,2.34,2.5
2026-04-03,4.35,1510.17,23.87,2.36,2.5
2026-04-04,4.35,1510.17,23.87,2.36,2.5
2026-04-05,4.35,1510.17,23.87,2.36,2.5
2026-04-06,4.34,1507.55,24.17,2.36,2.5
2026-04-07,4.33,1501.86,25.78,2.37,2.5
2026-04-08,4.29,1477.1,21.04,2.33,2.5
2026-04-09,4.29,1472.92,19.49,2.34,2.5
2026-04-10,4.31,1483.9,19.23,2.36,2.5
2026-04-11,4.31,1483.9,19.23,2.36,2.5
2026-04-12,4.31,1483.9,19.23,2.36,2.5
2026-04-13,4.3,1486.94,19.12,2.38,2.5
2026-04-14,4.26,1471.51,18.36,2.37,2.5
2026-04-15,4.29,1474.41,18.17,2.39,2.5
2026-04-16,4.32,1478.19,17.94,2.39,2.5
2026-04-17,4.26,1461.66,17.48,2.36,2.5
2026-04-18,4.26,1461.66,17.48,2.36,2.5
2026-04-19,4.26,1461.66,17.48,2.36,2.5
2026-04-20,4.26,1461.66,17.48,2.35,2.5
